date,product,units_sold,unit_price,discount_rate,units_produced,scrap_units,unit_mfg_cost,net_price,revenue,scrap_cost,cogs,gross_profit,gross_margin_pct,month
2025-04-01,Widget-A,877,7.5,0.038,2230,36,4.2,7.215,6327.555,151.20000000000002,3683.4,2492.9550000000004,39.398393218233586,2025-04-01
2025-04-01,Widget-B,828,9.0,0.057,2804,42,5.599999999999999,8.487,7027.236,235.19999999999996,4636.799999999999,2155.236000000001,30.66975408254399,2025-04-01
2025-04-01,Widget-C,706,8.2,0.047,2445,28,4.9,7.814599999999999,5517.107599999999,137.20000000000002,3459.4,1920.5075999999995,34.810044306549315,2025-04-01
2025-04-02,Widget-A,733,7.5,0.074,2091,30,4.2,6.945,5090.685,126.0,3078.6,1886.0850000000005,37.04972906396684,2025-04-01
2025-04-02,Widget-B,659,9.0,0.059,2518,34,5.599999999999999,8.469000000000001,5581.071000000001,190.39999999999995,3690.399999999999,1700.2710000000015,30.464959144938337,2025-04-01
2025-04-02,Widget-C,691,8.2,0.005,2346,34,4.9,8.158999999999999,5637.869,166.60000000000002,3385.9,2085.3689999999997,36.98860331802672,2025-04-01
2025-04-03,Widget-A,935,7.5,0.018,2819,24,4.2,7.365,6886.275000000001,100.80000000000001,3927.0,2858.4750000000004,41.50974220460263,2025-04-01
2025-04-03,Widget-B,801,9.0,0.063,2305,33,5.599999999999999,8.433,6754.833,184.79999999999995,4485.599999999999,2084.433,30.858394278585422,2025-04-01
2025-04-03,Widget-C,501,8.2,0.022,2096,17,4.9,8.019599999999999,4017.8195999999994,83.30000000000001,2454.9,1479.619599999999,36.826431928402144,2025-04-01
2025-04-04,Widget-A,722,7.5,0.025,1762,21,4.2,7.3125,5279.625,88.2,3032.4,2159.025,40.89352936998367,2025-04-01
2025-04-04,Widget-B,522,9.0,0.072,2455,28,5.599999999999999,8.352,4359.744000000001,156.79999999999995,2923.1999999999994,1279.7440000000015,29.353650122576035,2025-04-01
2025-04-04,Widget-C,714,8.2,0.062,2666,39,4.9,7.691599999999998,5491.802399999999,191.10000000000002,3498.6000000000004,1802.1023999999984,32.814407160752886,2025-04-01
2025-04-05,Widget-A,735,7.5,0.059,2746,30,4.2,7.0575,5187.2625,126.0,3087.0,1974.2624999999998,38.059814786701075,2025-04-01
2025-04-05,Widget-B,587,9.0,0.049,1929,26,5.599999999999999,8.559,5024.133,145.59999999999997,3287.1999999999994,1591.3330000000005,31.67378331744006,2025-04-01
2025-04-05,Widget-C,837,8.2,0.051,2045,30,4.9,7.781799999999999,6513.366599999999,147.0,4101.3,2265.066599999999,34.775665782423474,2025-04-01
2025-04-06,Widget-A,731,7.5,0.017,2594,46,4.2,7.3725,5389.2975,193.20000000000002,3070.2000000000003,2125.8974999999996,39.44665329757728,2025-04-01
2025-04-06,Widget-B,725,9.0,0.06,3428,34,5.599999999999999,8.459999999999999,6133.499999999999,190.39999999999995,4059.999999999999,1883.1000000000004,30.701883101002704,2025-04-01
2025-04-06,Widget-C,711,8.2,0.027,2503,33,4.9,7.978599999999999,5672.784599999999,161.70000000000002,3483.9,2027.1845999999991,35.735264829198684,2025-04-01
2025-04-07,Widget-A,881,7.5,0.124,3077,46,4.2,6.57,5788.17,193.20000000000002,3700.2000000000003,1894.77,32.73521683018985,2025-04-01
2025-04-07,Widget-B,654,9.0,0.06,2020,19,5.599999999999999,8.459999999999999,5532.839999999999,106.39999999999998,3662.399999999999,1764.04,31.883083552027536,2025-04-01
2025-04-07,Widget-C,806,8.2,0.0,2411,26,4.9,8.2,6609.2,127.4,3949.4,2532.3999999999996,38.316286388670335,2025-04-01
2025-04-08,Widget-A,818,7.5,0.029,2705,49,4.2,7.2825,5957.085,205.8,3435.6000000000004,2315.6849999999995,38.87278761340487,2025-04-01
2025-04-08,Widget-B,907,9.0,0.042,1887,25,5.599999999999999,8.622,7820.1539999999995,139.99999999999997,5079.199999999999,2600.9540000000006,33.25962634495434,2025-04-01
2025-04-08,Widget-C,633,8.2,0.043,2077,25,4.9,7.847399999999999,4967.404199999999,122.50000000000001,3101.7000000000003,1743.2041999999988,35.09285996899546,2025-04-01
2025-04-09,Widget-A,824,7.5,0.033,3133,45,4.2,7.2524999999999995,5976.0599999999995,189.0,3460.8,2326.2599999999993,38.92631600084336,2025-04-01
2025-04-09,Widget-B,692,9.0,0.009,1839,31,5.599999999999999,8.919,6171.948,173.59999999999997,3875.1999999999994,2123.148000000001,34.39996578065792,2025-04-01
2025-04-09,Widget-C,716,8.2,0.073,2611,31,4.9,7.6014,5442.6024,151.9,3508.4,1782.3023999999996,32.747246060083306,2025-04-01
2025-04-10,Widget-A,1095,7.5,0.071,1641,22,4.2,6.9675,7629.4125,92.4,4599.0,2938.0125000000007,38.50902674354022,2025-04-01
2025-04-10,Widget-B,740,9.0,0.086,2908,33,5.599999999999999,8.226,6087.240000000001,184.79999999999995,4143.999999999999,1758.4400000000014,28.88731181947814,2025-04-01
2025-04-10,Widget-C,902,8.2,0.1,2197,34,4.9,7.38,6656.76,166.60000000000002,4419.8,2070.3599999999997,31.101617002866256,2025-04-01
2025-04-11,Widget-A,962,7.5,0.046,2090,37,4.2,7.154999999999999,6883.11,155.4,4040.4,2687.3099999999995,39.04208998548621,2025-04-01
2025-04-11,Widget-B,738,9.0,0.055,2345,24,5.599999999999999,8.504999999999999,6276.69,134.39999999999998,4132.799999999999,2009.4900000000007,32.01512262036202,2025-04-01
2025-04-11,Widget-C,795,8.2,0.056,2622,45,4.9,7.740799999999999,6153.936,220.50000000000003,3895.5000000000005,2037.9359999999988,33.11597650674298,2025-04-01
2025-04-12,Widget-A,682,7.5,0.0,2057,28,4.2,7.5,5115.0,117.60000000000001,2864.4,2133.0,41.7008797653959,2025-04-01
2025-04-12,Widget-B,599,9.0,0.0,2504,40,5.599999999999999,9.0,5391.0,223.99999999999994,3354.399999999999,1812.6000000000008,33.62270450751254,2025-04-01
2025-04-12,Widget-C,760,8.2,0.05,1678,24,4.9,7.789999999999999,5920.4,117.60000000000001,3724.0000000000005,2078.7999999999993,35.11249239916221,2025-04-01
2025-04-13,Widget-A,548,7.5,0.071,2421,28,4.2,6.9675,3818.19,117.60000000000001,2301.6,1398.9900000000002,36.640135771137636,2025-04-01
2025-04-13,Widget-B,830,9.0,0.053,2674,36,5.599999999999999,8.523,7074.09,201.59999999999997,4647.999999999999,2224.4900000000007,31.445599363310343,2025-04-01
2025-04-13,Widget-C,1000,8.2,0.106,2759,35,4.9,7.330799999999999,7330.799999999999,171.5,4900.0,2259.2999999999993,30.819283025045006,2025-04-01
2025-04-14,Widget-A,619,7.5,0.081,2401,31,4.2,6.8925,4266.4575,130.20000000000002,2599.8,1536.4575000000004,36.01248811221019,2025-04-01
2025-04-14,Widget-B,766,9.0,0.063,2625,39,5.599999999999999,8.433,6459.678,218.39999999999995,4289.599999999999,1951.6780000000008,30.21323973114451,2025-04-01
2025-04-14,Widget-C,890,8.2,0.028,2587,32,4.9,7.970399999999999,7093.655999999999,156.8,4361.0,2575.855999999999,36.312107607135154,2025-04-01
2025-04-15,Widget-A,711,7.5,0.025,2252,22,4.2,7.3125,5199.1875,92.4,2986.2000000000003,2120.5874999999996,40.78690179956002,2025-04-01
2025-04-15,Widget-B,586,9.0,0.047,2239,31,5.599999999999999,8.577,5026.122,173.59999999999997,3281.5999999999995,1570.922000000001,31.255150591251084,2025-04-01
2025-04-15,Widget-C,532,8.2,0.019,2286,28,4.9,8.0442,4279.5144,137.20000000000002,2606.8,1535.5144,35.88057560923267,2025-04-01
2025-04-16,Widget-A,886,7.5,0.048,2370,25,4.2,7.14,6326.04,105.0,3721.2000000000003,2499.8399999999997,39.516664453591815,2025-04-01
2025-04-16,Widget-B,757,9.0,0.0,2818,24,5.599999999999999,9.0,6813.0,134.39999999999998,4239.199999999999,2439.4000000000015,35.80507852634671,2025-04-01
2025-04-16,Widget-C,632,8.2,0.033,2622,32,4.9,7.929399999999999,5011.3808,156.8,3096.8,1757.7807999999995,35.07577791733567,2025-04-01
2025-04-17,Widget-A,804,7.5,0.032,2978,39,4.2,7.26,5837.04,163.8,3376.8,2296.4399999999996,39.34254348094239,2025-04-01
2025-04-17,Widget-B,839,9.0,0.048,2434,28,5.599999999999999,8.568,7188.552,156.79999999999995,4698.399999999999,2333.3520000000008,32.459276916964654,2025-04-01
2025-04-17,Widget-C,752,8.2,0.05,3050,50,4.9,7.789999999999999,5858.079999999999,245.00000000000003,3684.8,1928.2799999999988,32.916587004615835,2025-04-01
2025-04-18,Widget-A,906,7.5,0.036,2140,24,4.2,7.2299999999999995,6550.379999999999,100.80000000000001,3805.2000000000003,2644.3799999999987,40.36987167156713,2025-04-01
2025-04-18,Widget-B,868,9.0,0.064,2111,26,5.599999999999999,8.424,7312.031999999999,145.59999999999997,4860.799999999999,2305.6319999999996,31.532028306221854,2025-04-01
2025-04-18,Widget-C,773,8.2,0.051,2609,39,4.9,7.781799999999999,6015.331399999999,191.10000000000002,3787.7000000000003,2036.531399999999,33.85568083580564,2025-04-01
2025-04-19,Widget-A,878,7.5,0.08,2336,23,4.2,6.9,6058.200000000001,96.60000000000001,3687.6000000000004,2274.0000000000005,37.53590175299594,2025-04-01
2025-04-19,Widget-B,841,9.0,0.061,2316,25,5.599999999999999,8.451,7107.291,139.99999999999997,4709.5999999999985,2257.6910000000016,31.765844398379095,2025-04-01
2025-04-19,Widget-C,881,8.2,0.054,2857,32,4.9,7.757199999999999,6834.093199999999,156.8,4316.900000000001,2360.3931999999986,34.53849883112509,2025-04-01
2025-04-20,Widget-A,987,7.5,0.049,1828,25,4.2,7.132499999999999,7039.777499999999,105.0,4145.400000000001,2789.3774999999987,39.62309178095471,2025-04-01
2025-04-20,Widget-B,388,9.0,0.09,3013,26,5.599999999999999,8.19,3177.72,145.59999999999997,2172.7999999999997,859.3200000000002,27.04203013481365,2025-04-01
2025-04-20,Widget-C,766,8.2,0.015,2553,23,4.9,8.077,6186.982,112.7,3753.4,2320.882,37.512344467787365,2025-04-01
2025-04-21,Widget-A,770,7.5,0.023,2722,35,4.2,7.3275,5642.175,147.0,3234.0,2261.175,40.07630036289197,2025-04-01
2025-04-21,Widget-B,1015,9.0,0.065,2717,33,5.599999999999999,8.415000000000001,8541.225,184.79999999999995,5683.999999999999,2672.425000000001,31.288544675968623,2025-04-01
2025-04-21,Widget-C,514,8.2,0.066,2001,27,4.9,7.6587999999999985,3936.623199999999,132.3,2518.6000000000004,1285.7231999999985,32.660560451912154,2025-04-01
2025-04-22,Widget-A,740,7.5,0.108,1566,25,4.2,6.69,4950.6,105.0,3108.0,1737.6000000000004,35.098775905950795,2025-04-01
2025-04-22,Widget-B,542,9.0,0.0,2553,26,5.599999999999999,9.0,4878.0,145.59999999999997,3035.1999999999994,1697.2000000000007,34.79294792947931,2025-04-01
2025-04-22,Widget-C,759,8.2,0.04,2638,45,4.9,7.871999999999999,5974.847999999999,220.50000000000003,3719.1000000000004,2035.2479999999987,34.06359458851504,2025-04-01
2025-04-23,Widget-A,737,7.5,0.0,2463,38,4.2,7.5,5527.5,159.6,3095.4,2272.5,41.11261872455903,2025-04-01
2025-04-23,Widget-B,764,9.0,0.1,2648,30,5.599999999999999,8.1,6188.4,167.99999999999997,4278.399999999999,1742.000000000001,28.149440889406,2025-04-01
2025-04-23,Widget-C,463,8.2,0.085,2328,26,4.9,7.502999999999999,3473.8889999999997,127.4,2268.7000000000003,1077.7889999999993,31.025430000785846,2025-04-01
2025-04-24,Widget-A,714,7.5,0.12,2010,30,4.2,6.6,4712.4,126.0,2998.8,1587.5999999999995,33.689839572192504,2025-04-01
2025-04-24,Widget-B,765,9.0,0.044,2741,39,5.599999999999999,8.604,6582.0599999999995,218.39999999999995,4283.999999999999,2079.6600000000008,31.595883355666782,2025-04-01
2025-04-24,Widget-C,915,8.2,0.066,2390,35,4.9,7.6587999999999985,7007.801999999999,171.5,4483.5,2352.8019999999988,33.57403648105353,2025-04-01
2025-04-25,Widget-A,711,7.5,0.071,2972,34,4.2,6.9675,4953.8925,142.8,2986.2000000000003,1824.8924999999995,36.837547443752555,2025-04-01
2025-04-25,Widget-B,623,9.0,0.0,2515,22,5.599999999999999,9.0,5607.0,123.19999999999997,3488.7999999999993,1995.000000000001,35.580524344569305,2025-04-01
2025-04-25,Widget-C,1054,8.2,0.04,2877,26,4.9,7.871999999999999,8297.088,127.4,5164.6,3005.0879999999997,36.2185865691674,2025-04-01
2025-04-26,Widget-A,708,7.5,0.06,2968,43,4.2,7.05,4991.4,180.6,2973.6,1837.1999999999998,36.807308570741675,2025-04-01
2025-04-26,Widget-B,466,9.0,0.009,2425,21,5.599999999999999,8.919,4156.254,117.59999999999998,2609.5999999999995,1429.0540000000005,34.38322104471961,2025-04-01
2025-04-26,Widget-C,675,8.2,0.034,2174,30,4.9,7.921199999999999,5346.8099999999995,147.0,3307.5000000000005,1892.309999999999,35.39138289933623,2025-04-01
2025-04-27,Widget-A,810,7.5,0.084,2392,27,4.2,6.87,5564.7,113.4,3402.0,2049.2999999999997,36.826783114992715,2025-04-01
2025-04-27,Widget-B,628,9.0,0.065,1996,19,5.599999999999999,8.415000000000001,5284.620000000001,106.39999999999998,3516.7999999999993,1661.4200000000014,31.438778947209094,2025-04-01
2025-04-27,Widget-C,840,8.2,0.017,2919,35,4.9,8.060599999999999,6770.9039999999995,171.5,4116.0,2483.4039999999995,36.67758396810824,2025-04-01
2025-04-28,Widget-A,834,7.5,0.022,2701,26,4.2,7.335,6117.39,109.2,3502.8,2505.3900000000003,40.95521129108983,2025-04-01
2025-04-28,Widget-B,859,9.0,0.064,2680,32,5.599999999999999,8.424,7236.215999999999,179.19999999999996,4810.399999999999,2246.616000000001,31.046834422853063,2025-04-01
2025-04-28,Widget-C,752,8.2,0.01,2726,44,4.9,8.117999999999999,6104.735999999999,215.60000000000002,3684.8,2204.335999999999,36.10862124095128,2025-04-01
2025-04-29,Widget-A,817,7.5,0.027,1885,26,4.2,7.297499999999999,5962.0575,109.2,3431.4,2421.4575,40.61446069582523,2025-04-01
2025-04-29,Widget-B,805,9.0,0.046,2616,31,5.599999999999999,8.586,6911.7300000000005,173.59999999999997,4507.999999999999,2230.130000000001,32.26587265416909,2025-04-01
2025-04-29,Widget-C,628,8.2,0.078,2665,44,4.9,7.5604,4747.9312,215.60000000000002,3077.2000000000003,1455.1311999999998,30.64768925042553,2025-04-01
2025-04-30,Widget-A,908,7.5,0.032,2307,35,4.2,7.26,6592.08,147.0,3813.6000000000004,2631.4799999999996,39.918811664906976,2025-04-01
2025-04-30,Widget-B,874,9.0,0.041,3057,41,5.599999999999999,8.631,7543.494000000001,229.59999999999994,4894.399999999999,2419.4940000000015,32.07391694087649,2025-04-01
2025-04-30,Widget-C,703,8.2,0.054,2581,21,4.9,7.757199999999999,5453.311599999999,102.9,3444.7000000000003,1905.7115999999987,34.94595100709079,2025-04-01
2025-05-01,Widget-A,687,7.5,0.037,1741,26,4.2,7.2225,4961.8575,109.2,2885.4,1967.2575000000002,39.64760172979575,2025-05-01
2025-05-01,Widget-B,675,9.0,0.096,2944,53,5.599999999999999,8.136000000000001,5491.800000000001,296.79999999999995,3779.999999999999,1415.0000000000018,25.76568702429079,2025-05-01
2025-05-01,Widget-C,974,8.2,0.042,2369,34,4.9,7.855599999999999,7651.354399999999,166.60000000000002,4772.6,2712.1543999999985,35.44672300109375,2025-05-01
2025-05-02,Widget-A,1041,7.5,0.049,2430,22,4.2,7.132499999999999,7424.932499999999,92.4,4372.2,2960.3324999999995,39.87016043580194,2025-05-01
2025-05-02,Widget-B,757,9.0,0.077,2246,39,5.599999999999999,8.307,6288.399,218.39999999999995,4239.199999999999,1830.7990000000018,29.113912778117317,2025-05-01
2025-05-02,Widget-C,793,8.2,0.122,2669,21,4.9,7.199599999999999,5709.282799999999,102.9,3885.7000000000003,1720.6827999999987,30.138335414038327,2025-05-01
2025-05-03,Widget-A,836,7.5,0.014,2251,27,4.2,7.395,6182.219999999999,113.4,3511.2000000000003,2557.619999999999,41.37057561846714,2025-05-01
2025-05-03,Widget-B,895,9.0,0.038,1882,29,5.599999999999999,8.658,7748.91,162.39999999999998,5011.999999999999,2574.510000000001,33.22415668784385,2025-05-01
2025-05-03,Widget-C,704,8.2,0.0,2553,33,4.9,8.2,5772.799999999999,161.70000000000002,3449.6000000000004,2161.499999999999,37.44283536585365,2025-05-01
2025-05-04,Widget-A,950,7.5,0.075,2023,26,4.2,6.9375,6590.625,109.2,3990.0,2491.425,37.80256045519204,2025-05-01
2025-05-04,Widget-B,819,9.0,0.079,2398,33,5.599999999999999,8.289,6788.691,184.79999999999995,4586.399999999999,2017.491000000001,29.718409631547537,2025-05-01
2025-05-04,Widget-C,1003,8.2,0.049,2504,41,4.9,7.798199999999999,7821.5945999999985,200.9,4914.700000000001,2705.994599999998,34.59645684014355,2025-05-01
2025-05-05,Widget-A,940,7.5,0.028,3109,46,4.2,7.29,6852.6,193.20000000000002,3948.0,2711.4000000000005,39.56746344453201,2025-05-01
2025-05-05,Widget-B,646,9.0,0.082,2501,33,5.599999999999999,8.262,5337.252,184.79999999999995,3617.599999999999,1534.8520000000017,28.75734554036425,2025-05-01
2025-05-05,Widget-C,808,8.2,0.01,2772,40,4.9,8.117999999999999,6559.343999999999,196.0,3959.2000000000003,2404.1439999999984,36.65220180554639,2025-05-01
2025-05-06,Widget-A,854,7.5,0.045,1945,24,4.2,7.1625,6116.775,100.80000000000001,3586.8,2429.1749999999993,39.713329327954675,2025-05-01
2025-05-06,Widget-B,577,9.0,0.063,2514,28,5.599999999999999,8.433,4865.841,156.79999999999995,3231.1999999999994,1477.8410000000013,30.371748686403876,2025-05-01
2025-05-06,Widget-C,689,8.2,0.003,2719,33,4.9,8.1754,5632.8506,161.70000000000002,3376.1000000000004,2095.0505999999996,37.193434528513855,2025-05-01
2025-05-07,Widget-A,633,7.5,0.103,2756,35,4.2,6.7275,4258.5075,147.0,2658.6,1452.9074999999998,34.11776308953313,2025-05-01
2025-05-07,Widget-B,472,9.0,0.057,1808,25,5.599999999999999,8.487,4005.864,139.99999999999997,2643.1999999999994,1222.6640000000007,30.521854960627735,2025-05-01
2025-05-07,Widget-C,841,8.2,0.069,2563,31,4.9,7.6342,6420.3622,151.9,4120.900000000001,2147.5621999999994,33.44923749005935,2025-05-01
2025-05-08,Widget-A,616,7.5,0.04,2679,29,4.2,7.199999999999999,4435.2,121.80000000000001,2587.2000000000003,1726.1999999999994,38.92045454545453,2025-05-01
2025-05-08,Widget-B,721,9.0,0.074,2449,35,5.599999999999999,8.334,6008.813999999999,195.99999999999994,4037.599999999999,1775.2140000000009,29.543500597622106,2025-05-01
2025-05-08,Widget-C,653,8.2,0.015,2954,26,4.9,8.077,5274.281,127.4,3199.7000000000003,1947.1809999999996,36.91841598883335,2025-05-01
2025-05-09,Widget-A,950,7.5,0.083,2105,27,4.2,6.8775,6533.625,113.4,3990.0,2430.2250000000004,37.19566090799518,2025-05-01
2025-05-09,Widget-B,755,9.0,0.032,2282,27,5.599999999999999,8.712,6577.5599999999995,151.19999999999996,4227.999999999999,2198.3600000000006,33.422120056677564,2025-05-01
2025-05-09,Widget-C,811,8.2,0.053,2617,31,4.9,7.765399999999999,6297.739399999999,151.9,3973.9,2171.9393999999984,34.48760359947569,2025-05-01
2025-05-10,Widget-A,925,7.5,0.013,2588,33,4.2,7.4025,6847.3125,138.6,3885.0,2823.7125,41.23825953613188,2025-05-01
2025-05-10,Widget-B,717,9.0,0.045,1565,21,5.599999999999999,8.594999999999999,6162.614999999999,117.59999999999998,4015.199999999999,2029.8149999999996,32.93755978590258,2025-05-01
2025-05-10,Widget-C,583,8.2,0.056,1995,20,4.9,7.740799999999999,4512.886399999999,98.0,2856.7000000000003,1558.1863999999991,34.52748998955523,2025-05-01
2025-05-11,Widget-A,805,7.5,0.038,2482,30,4.2,7.215,5808.075,126.0,3381.0,2301.075,39.61854831420049,2025-05-01
2025-05-11,Widget-B,759,9.0,0.007,2225,30,5.599999999999999,8.937,6783.182999999999,167.99999999999997,4250.399999999999,2364.7830000000004,34.8624384746807,2025-05-01
2025-05-11,Widget-C,741,8.2,0.063,2444,30,4.9,7.6834,5693.3994,147.0,3630.9,1915.4994000000002,33.64421262980426,2025-05-01
2025-05-12,Widget-A,842,7.5,0.082,1330,10,4.2,6.885000000000001,5797.170000000001,42.0,3536.4,2218.770000000001,38.273329917873724,2025-05-01
2025-05-12,Widget-B,519,9.0,0.005,2119,36,5.599999999999999,8.955,4647.645,201.59999999999997,2906.399999999999,1539.6450000000013,33.12742259789638,2025-05-01
2025-05-12,Widget-C,785,8.2,0.064,2319,21,4.9,7.6751999999999985,6025.031999999999,102.9,3846.5000000000005,2075.6319999999987,34.45014067975073,2025-05-01
2025-05-13,Widget-A,1117,7.5,0.068,2233,34,4.2,6.989999999999999,7807.829999999999,142.8,4691.400000000001,2973.6299999999983,38.08522982698136,2025-05-01
2025-05-13,Widget-B,568,9.0,0.074,2392,34,5.599999999999999,8.334,4733.7119999999995,190.39999999999995,3180.7999999999993,1362.5120000000002,28.783162135761543,2025-05-01
2025-05-13,Widget-C,623,8.2,0.005,3046,34,4.9,8.158999999999999,5083.056999999999,166.60000000000002,3052.7000000000003,1863.7569999999987,36.66606532250178,2025-05-01
2025-05-14,Widget-A,1191,7.5,0.06,2543,43,4.2,7.05,8396.55,180.6,5002.2,3213.749999999999,38.27464851635492,2025-05-01
2025-05-14,Widget-B,807,9.0,0.067,2288,40,5.599999999999999,8.397,6776.379,223.99999999999994,4519.199999999999,2033.179000000001,30.00391507027575,2025-05-01
2025-05-14,Widget-C,1021,8.2,0.059,2047,25,4.9,7.7162,7878.240199999999,122.50000000000001,5002.900000000001,2752.8401999999987,34.94232379459564,2025-05-01
2025-05-15,Widget-A,982,7.5,0.019,2814,30,4.2,7.3575,7225.065,126.0,4124.400000000001,2974.664999999999,41.171463509324816,2025-05-01
2025-05-15,Widget-B,491,9.0,0.093,2109,24,5.599999999999999,8.163,4008.033,134.39999999999998,2749.5999999999995,1124.0330000000004,28.044504623589685,2025-05-01
2025-05-15,Widget-C,971,8.2,0.065,2413,29,4.9,7.667,7444.657,142.10000000000002,4757.900000000001,2544.6569999999992,34.18098375788165,2025-05-01
2025-05-16,Widget-A,833,7.5,0.055,2374,27,4.2,7.0874999999999995,5903.8875,113.4,3498.6000000000004,2291.8874999999994,38.8199724334178,2025-05-01
2025-05-16,Widget-B,596,9.0,0.096,1939,20,5.599999999999999,8.136000000000001,4849.0560000000005,111.99999999999997,3337.5999999999995,1399.456000000001,28.860380247206898,2025-05-01
2025-05-16,Widget-C,848,8.2,0.065,2134,22,4.9,7.667,6501.616,107.80000000000001,4155.200000000001,2238.615999999999,34.43168590701141,2025-05-01
2025-05-17,Widget-A,856,7.5,0.081,2401,43,4.2,6.8925,5899.9800000000005,180.6,3595.2000000000003,2124.1800000000003,36.0031728921115,2025-05-01
2025-05-17,Widget-B,775,9.0,0.072,2266,21,5.599999999999999,8.352,6472.8,117.59999999999998,4339.999999999999,2015.2000000000007,31.13335805215673,2025-05-01
2025-05-17,Widget-C,574,8.2,0.065,2023,19,4.9,7.667,4400.858,93.10000000000001,2812.6000000000004,1495.158,33.97423865982497,2025-05-01
2025-05-18,Widget-A,1128,7.5,0.034,2491,28,4.2,7.245,8172.36,117.60000000000001,4737.6,3317.159999999999,40.58998869359645,2025-05-01
2025-05-18,Widget-B,680,9.0,0.077,3007,46,5.599999999999999,8.307,5648.76,257.59999999999997,3807.999999999999,1583.1600000000012,28.02668196205895,2025-05-01
2025-05-18,Widget-C,893,8.2,0.069,2778,38,4.9,7.6342,6817.3405999999995,186.20000000000002,4375.700000000001,2255.440599999999,33.08387731133749,2025-05-01
2025-05-19,Widget-A,557,7.5,0.065,1765,22,4.2,7.0125,3905.9625,92.4,2339.4,1474.1625,37.74133776245932,2025-05-01
2025-05-19,Widget-B,522,9.0,0.025,2140,30,5.599999999999999,8.775,4580.55,167.99999999999997,2923.1999999999994,1489.3500000000008,32.51465435373483,2025-05-01
2025-05-19,Widget-C,832,8.2,0.041,2424,28,4.9,7.8637999999999995,6542.6816,137.20000000000002,4076.8,2328.6816,35.592158420180496,2025-05-01
2025-05-20,Widget-A,921,7.5,0.144,2117,22,4.2,6.42,5912.82,92.4,3868.2000000000003,1952.2199999999993,33.01673313241397,2025-05-01
2025-05-20,Widget-B,816,9.0,0.072,2670,34,5.599999999999999,8.352,6815.232,190.39999999999995,4569.5999999999985,2055.232000000002,30.156449553001302,2025-05-01
2025-05-20,Widget-C,615,8.2,0.031,1410,16,4.9,7.945799999999999,4886.6669999999995,78.4,3013.5,1794.7669999999994,36.72783514816949,2025-05-01
2025-05-21,Widget-A,640,7.5,0.034,3138,21,4.2,7.245,4636.8,88.2,2688.0,1860.6000000000004,40.126811594202906,2025-05-01
2025-05-21,Widget-B,536,9.0,0.03,2292,31,5.599999999999999,8.73,4679.280000000001,173.59999999999997,3001.5999999999995,1504.0800000000013,32.14340667795047,2025-05-01
2025-05-21,Widget-C,718,8.2,0.02,2318,36,4.9,8.036,5769.848,176.4,3518.2000000000003,2075.2479999999996,35.96711733134044,2025-05-01
2025-05-22,Widget-A,587,7.5,0.009,2347,35,4.2,7.4325,4362.8775000000005,147.0,2465.4,1750.4775000000004,40.12208685666742,2025-05-01
2025-05-22,Widget-B,768,9.0,0.052,2727,28,5.599999999999999,8.532,6552.576,156.79999999999995,4300.799999999999,2094.9760000000006,31.971792467573067,2025-05-01
2025-05-22,Widget-C,903,8.2,0.081,1900,26,4.9,7.5358,6804.8274,127.4,4424.700000000001,2252.7273999999998,33.10484260041628,2025-05-01
2025-05-23,Widget-A,748,7.5,0.07,2432,35,4.2,6.975,5217.3,147.0,3141.6,1928.7000000000003,36.96739692944627,2025-05-01
2025-05-23,Widget-B,483,9.0,0.118,1924,28,5.599999999999999,7.938,3834.054,156.79999999999995,2704.7999999999993,972.4540000000006,25.36359686118142,2025-05-01
2025-05-23,Widget-C,929,8.2,0.044,1936,25,4.9,7.839199999999999,7282.616799999999,122.50000000000001,4552.1,2608.0167999999985,35.81153411779127,2025-05-01
2025-05-24,Widget-A,625,7.5,0.061,1720,21,4.2,7.0425,4401.5625,88.2,2625.0,1688.3625000000002,38.35825346112887,2025-05-01
2025-05-24,Widget-B,419,9.0,0.027,2324,40,5.599999999999999,8.757,3669.183,223.99999999999994,2346.3999999999996,1098.7830000000004,29.946257790903324,2025-05-01
2025-05-24,Widget-C,862,8.2,0.052,2797,25,4.9,7.773599999999999,6700.843199999999,122.50000000000001,4223.8,2354.543199999999,35.13801367565203,2025-05-01
2025-05-25,Widget-A,726,7.5,0.079,2744,22,4.2,6.907500000000001,5014.845,92.4,3049.2000000000003,1873.245,37.353995985917805,2025-05-01
2025-05-25,Widget-B,544,9.0,0.059,1940,23,5.599999999999999,8.469000000000001,4607.136,128.79999999999998,3046.399999999999,1431.936000000001,31.080827655185367,2025-05-01
2025-05-25,Widget-C,675,8.2,0.025,2457,32,4.9,7.994999999999999,5396.624999999999,156.8,3307.5000000000005,1932.3249999999985,35.80617515576863,2025-05-01
2025-05-26,Widget-A,869,7.5,0.02,2549,29,4.2,7.35,6387.15,121.80000000000001,3649.8,2615.5499999999993,40.95018905145486,2025-05-01
2025-05-26,Widget-B,985,9.0,0.032,1954,16,5.599999999999999,8.712,8581.32,89.59999999999998,5515.999999999999,2975.7200000000003,34.67671640260473,2025-05-01
2025-05-26,Widget-C,1048,8.2,0.017,2363,34,4.9,8.060599999999999,8447.5088,166.60000000000002,5135.200000000001,3145.7087999999985,37.23830154518453,2025-05-01
2025-05-27,Widget-A,890,7.5,0.014,2992,30,4.2,7.395,6581.549999999999,126.0,3738.0,2717.5499999999993,41.29042550766916,2025-05-01
2025-05-27,Widget-B,498,9.0,0.055,2431,19,5.599999999999999,8.504999999999999,4235.49,106.39999999999998,2788.7999999999993,1340.2900000000004,31.644272563505062,2025-05-01
2025-05-27,Widget-C,851,8.2,0.012,2253,23,4.9,8.1016,6894.4616,112.7,4169.900000000001,2611.8615999999993,37.88347446884031,2025-05-01
2025-05-28,Widget-A,977,7.5,0.026,2680,30,4.2,7.305,7136.985,126.0,4103.400000000001,2907.584999999999,40.73968209264835,2025-05-01
2025-05-28,Widget-B,719,9.0,0.061,2165,24,5.599999999999999,8.451,6076.269,134.39999999999998,4026.399999999999,1915.469000000001,31.52376894439665,2025-05-01
2025-05-28,Widget-C,839,8.2,0.0,2743,37,4.9,8.2,6879.799999999999,181.3,4111.1,2587.3999999999987,37.60865141428528,2025-05-01
2025-05-29,Widget-A,1042,7.5,0.067,2509,27,4.2,6.9975000000000005,7291.395,113.4,4376.400000000001,2801.5950000000003,38.42330582830857,2025-05-01
2025-05-29,Widget-B,636,9.0,0.019,3367,35,5.599999999999999,8.829,5615.244000000001,195.99999999999994,3561.599999999999,1857.6440000000016,33.08215992038817,2025-05-01
2025-05-29,Widget-C,495,8.2,0.009,1985,16,4.9,8.126199999999999,4022.4689999999996,78.4,2425.5,1518.5689999999995,37.752161669859966,2025-05-01
2025-05-30,Widget-A,881,7.5,0.04,2761,46,4.2,7.199999999999999,6343.2,193.20000000000002,3700.2000000000003,2449.7999999999997,38.62088535754823,2025-05-01
2025-05-30,Widget-B,530,9.0,0.034,2061,26,5.599999999999999,8.693999999999999,4607.82,145.59999999999997,2967.9999999999995,1494.2200000000003,32.42791602102513,2025-05-01
2025-05-30,Widget-C,984,8.2,0.04,2533,49,4.9,7.871999999999999,7746.047999999999,240.10000000000002,4821.6,2684.347999999998,34.65441990547952,2025-05-01
2025-05-31,Widget-A,712,7.5,0.091,2020,24,4.2,6.8175,4854.0599999999995,100.80000000000001,2990.4,1762.8599999999992,36.3172272283408,2025-05-01
2025-05-31,Widget-B,769,9.0,0.051,2369,31,5.599999999999999,8.541,6568.029,173.59999999999997,4306.399999999999,2088.0290000000014,31.790800558280136,2025-05-01
2025-05-31,Widget-C,658,8.2,0.003,2767,32,4.9,8.1754,5379.4132,156.8,3224.2000000000003,1998.4131999999995,37.149278661100055,2025-05-01
2025-06-01,Widget-A,624,7.5,0.036,2503,33,4.2,7.2299999999999995,4511.5199999999995,138.6,2620.8,1752.1199999999994,38.83657835939992,2025-06-01
2025-06-01,Widget-B,667,9.0,0.061,2347,23,5.599999999999999,8.451,5636.817,128.79999999999998,3735.1999999999994,1772.8170000000005,31.450675088440878,2025-06-01
2025-06-01,Widget-C,832,8.2,0.057,2540,26,4.9,7.732599999999999,6433.523199999999,127.4,4076.8,2229.323199999999,34.651669554871575,2025-06-01
2025-06-02,Widget-A,833,7.5,0.02,1954,18,4.2,7.35,6122.549999999999,75.60000000000001,3498.6000000000004,2548.349999999999,41.62236323100667,2025-06-01
2025-06-02,Widget-B,376,9.0,0.034,3024,41,5.599999999999999,8.693999999999999,3268.9439999999995,229.59999999999994,2105.5999999999995,933.7440000000001,28.564086750950775,2025-06-01
2025-06-02,Widget-C,606,8.2,0.03,2075,30,4.9,7.953999999999999,4820.123999999999,147.0,2969.4,1703.7239999999988,35.34606163658859,2025-06-01
2025-06-03,Widget-A,758,7.5,0.013,2502,31,4.2,7.4025,5611.095,130.20000000000002,3183.6,2297.2950000000005,40.94200864537137,2025-06-01
2025-06-03,Widget-B,533,9.0,0.047,2714,37,5.599999999999999,8.577,4571.541,207.19999999999996,2984.7999999999993,1379.541000000001,30.17671721636098,2025-06-01
2025-06-03,Widget-C,767,8.2,0.03,2265,25,4.9,7.953999999999999,6100.717999999999,122.50000000000001,3758.3,2219.9179999999988,36.387815335834226,2025-06-01
2025-06-04,Widget-A,874,7.5,0.043,2288,18,4.2,7.177499999999999,6273.134999999999,75.60000000000001,3670.8,2526.734999999999,40.278664495503435,2025-06-01
2025-06-04,Widget-B,547,9.0,0.051,2876,19,5.599999999999999,8.541,4671.927000000001,106.39999999999998,3063.1999999999994,1502.3270000000011,32.156474191484605,2025-06-01
2025-06-04,Widget-C,1032,8.2,0.03,2510,14,4.9,7.953999999999999,8208.527999999998,68.60000000000001,5056.8,3083.127999999998,37.560059489350564,2025-06-01
2025-06-05,Widget-A,974,7.5,0.091,2682,23,4.2,6.8175,6640.245,96.60000000000001,4090.8,2452.8449999999993,36.93907378417512,2025-06-01
2025-06-05,Widget-B,924,9.0,0.025,2125,22,5.599999999999999,8.775,8108.1,123.19999999999997,5174.399999999999,2810.500000000002,34.66286799620135,2025-06-01
2025-06-05,Widget-C,1052,8.2,0.053,3144,30,4.9,7.765399999999999,8169.200799999999,147.0,5154.8,2867.4007999999985,35.10013855945368,2025-06-01
2025-06-06,Widget-A,761,7.5,0.043,2629,33,4.2,7.177499999999999,5462.077499999999,138.6,3196.2000000000003,2127.2774999999992,38.94630751760661,2025-06-01
2025-06-06,Widget-B,790,9.0,0.052,2222,30,5.599999999999999,8.532,6740.28,167.99999999999997,4423.999999999999,2148.2800000000007,31.87226643403539,2025-06-01
2025-06-06,Widget-C,723,8.2,0.089,2376,29,4.9,7.470199999999999,5400.954599999999,142.10000000000002,3542.7000000000003,1716.154599999999,31.775023622675874,2025-06-01
2025-06-07,Widget-A,691,7.5,0.019,2593,29,4.2,7.3575,5084.0325,121.80000000000001,2902.2000000000003,2060.0325,40.519656394800776,2025-06-01
2025-06-07,Widget-B,818,9.0,0.071,2016,36,5.599999999999999,8.361,6839.298000000001,201.59999999999997,4580.799999999999,2056.898000000001,30.074694800548258,2025-06-01
2025-06-07,Widget-C,914,8.2,0.018,2006,24,4.9,8.052399999999999,7359.8935999999985,117.60000000000001,4478.6,2763.693599999998,37.55072763551905,2025-06-01
2025-06-08,Widget-A,962,7.5,0.064,2678,39,4.2,7.02,6753.24,163.8,4040.4,2549.04,37.74543774543775,2025-06-01
2025-06-08,Widget-B,964,9.0,0.013,2371,30,5.599999999999999,8.883,8563.212,167.99999999999997,5398.399999999999,2996.812000000001,34.99635417177574,2025-06-01
2025-06-08,Widget-C,782,8.2,0.042,3073,37,4.9,7.855599999999999,6143.079199999999,181.3,3831.8,2129.979199999999,34.672826617634996,2025-06-01
2025-06-09,Widget-A,561,7.5,0.029,2181,31,4.2,7.2825,4085.4825,130.20000000000002,2356.2000000000003,1599.0825,39.14060334366871,2025-06-01
2025-06-09,Widget-B,869,9.0,0.036,3080,34,5.599999999999999,8.676,7539.444,190.39999999999995,4866.399999999999,2482.644000000002,32.92874116446786,2025-06-01
2025-06-09,Widget-C,641,8.2,0.076,2888,25,4.9,7.5767999999999995,4856.7288,122.50000000000001,3140.9,1593.3287999999998,32.80662490357707,2025-06-01
2025-06-10,Widget-A,948,7.5,0.08,2564,28,4.2,6.9,6541.200000000001,117.60000000000001,3981.6000000000004,2442.0,37.3325995230233,2025-06-01
2025-06-10,Widget-B,581,9.0,0.048,1973,30,5.599999999999999,8.568,4978.008,167.99999999999997,3253.5999999999995,1556.4080000000004,31.265678962347998,2025-06-01
2025-06-10,Widget-C,904,8.2,0.03,2472,31,4.9,7.953999999999999,7190.415999999999,151.9,4429.6,2608.9159999999993,36.2832414703127,2025-06-01
2025-06-11,Widget-A,687,7.5,0.075,2713,18,4.2,6.9375,4766.0625,75.60000000000001,2885.4,1805.0625,37.873244423462765,2025-06-01
2025-06-11,Widget-B,934,9.0,0.015,2401,27,5.599999999999999,8.865,8279.91,151.19999999999996,5230.399999999999,2898.3100000000013,35.00412444096616,2025-06-01
2025-06-11,Widget-C,360,8.2,0.006,2652,33,4.9,8.150799999999998,2934.2879999999996,161.70000000000002,1764.0000000000002,1008.5879999999993,34.37249513340202,2025-06-01
2025-06-12,Widget-A,648,7.5,0.046,2532,42,4.2,7.154999999999999,4636.44,176.4,2721.6,1738.4399999999996,37.495147138753005,2025-06-01
2025-06-12,Widget-B,792,9.0,0.046,2915,33,5.599999999999999,8.586,6800.112,184.79999999999995,4435.199999999999,2180.112000000001,32.05994254212285,2025-06-01
2025-06-12,Widget-C,644,8.2,0.055,2170,23,4.9,7.748999999999999,4990.355999999999,112.7,3155.6000000000004,1722.0559999999987,34.507678410117414,2025-06-01
2025-06-13,Widget-A,655,7.5,0.049,2951,37,4.2,7.132499999999999,4671.787499999999,155.4,2751.0,1765.3874999999994,37.78826626853211,2025-06-01
2025-06-13,Widget-B,603,9.0,0.13,2966,28,5.599999999999999,7.83,4721.49,156.79999999999995,3376.7999999999993,1187.8900000000003,25.159218805927797,2025-06-01
2025-06-13,Widget-C,872,8.2,0.025,2174,35,4.9,7.994999999999999,6971.639999999999,171.5,4272.8,2527.3399999999992,36.25172843118691,2025-06-01
2025-06-14,Widget-A,650,7.5,0.037,2318,31,4.2,7.2225,4694.625,130.20000000000002,2730.0,1834.4250000000002,39.07500599089385,2025-06-01
2025-06-14,Widget-B,453,9.0,0.028,1503,23,5.599999999999999,8.748,3962.8439999999996,128.79999999999998,2536.7999999999993,1297.2440000000001,32.73517705970763,2025-06-01
2025-06-14,Widget-C,639,8.2,0.077,2249,17,4.9,7.5686,4836.3354,83.30000000000001,3131.1000000000004,1621.9353999999994,33.5364540680946,2025-06-01
2025-06-15,Widget-A,736,7.5,0.026,2044,22,4.2,7.305,5376.48,92.4,3091.2000000000003,2192.879999999999,40.78653691634674,2025-06-01
2025-06-15,Widget-B,498,9.0,0.015,2885,35,5.599999999999999,8.865,4414.77,195.99999999999994,2788.7999999999993,1429.9700000000012,32.39058886419907,2025-06-01
2025-06-15,Widget-C,740,8.2,0.044,2446,25,4.9,7.839199999999999,5801.007999999999,122.50000000000001,3626.0000000000005,2052.5079999999984,35.381919831863684,2025-06-01
2025-06-16,Widget-A,970,7.5,0.031,1870,22,4.2,7.2675,7049.475,92.4,4074.0,2883.0750000000007,40.89772642643602,2025-06-01
2025-06-16,Widget-B,858,9.0,0.058,3053,35,5.599999999999999,8.478,7274.124,195.99999999999994,4804.799999999999,2273.3240000000005,31.25220301441109,2025-06-01
2025-06-16,Widget-C,749,8.2,0.0,2443,21,4.9,8.2,6141.799999999999,102.9,3670.1000000000004,2368.799999999999,38.56849783451104,2025-06-01
2025-06-17,Widget-A,606,7.5,0.072,3056,31,4.2,6.96,4217.76,130.20000000000002,2545.2000000000003,1542.3600000000001,36.56822578809605,2025-06-01
2025-06-17,Widget-B,909,9.0,0.056,2302,20,5.599999999999999,8.495999999999999,7722.863999999999,111.99999999999997,5090.399999999999,2520.464,32.63638981600609,2025-06-01
2025-06-17,Widget-C,864,8.2,0.038,2128,32,4.9,7.888399999999999,6815.577599999999,156.8,4233.6,2425.177599999998,35.58286241213068,2025-06-01
2025-06-18,Widget-A,744,7.5,0.03,2513,40,4.2,7.2749999999999995,5412.599999999999,168.0,3124.8,2119.7999999999993,39.16417248642056,2025-06-01
2025-06-18,Widget-B,846,9.0,0.06,2504,31,5.599999999999999,8.459999999999999,7157.159999999999,173.59999999999997,4737.5999999999985,2245.96,31.380603479592466,2025-06-01
2025-06-18,Widget-C,714,8.2,0.04,3107,33,4.9,7.871999999999999,5620.607999999999,161.70000000000002,3498.6000000000004,1960.307999999999,34.87715208034432,2025-06-01
2025-06-19,Widget-A,883,7.5,0.06,2066,21,4.2,7.05,6225.15,88.2,3708.6000000000004,2428.3499999999995,39.00869858557625,2025-06-01
2025-06-19,Widget-B,575,9.0,0.101,3195,42,5.599999999999999,8.091000000000001,4652.325000000001,235.19999999999996,3219.999999999999,1197.1250000000018,25.7317577770255,2025-06-01
2025-06-19,Widget-C,788,8.2,0.05,3016,52,4.9,7.789999999999999,6138.5199999999995,254.8,3861.2000000000003,2022.5199999999995,32.948007011462046,2025-06-01
2025-06-20,Widget-A,1021,7.5,0.081,2837,25,4.2,6.8925,7037.2425,105.0,4288.2,2644.0425000000005,37.5721385187451,2025-06-01
2025-06-20,Widget-B,686,9.0,0.066,2495,42,5.599999999999999,8.405999999999999,5766.516,235.19999999999996,3841.599999999999,1689.7160000000008,29.302199109479638,2025-06-01
2025-06-20,Widget-C,589,8.2,0.031,1712,17,4.9,7.945799999999999,4680.0761999999995,83.30000000000001,2886.1000000000004,1710.676199999999,36.552315109741144,2025-06-01
2025-06-21,Widget-A,460,7.5,0.087,2433,28,4.2,6.8475,3149.85,117.60000000000001,1932.0,1100.25,34.930234773084436,2025-06-01
2025-06-21,Widget-B,415,9.0,0.07,3165,45,5.599999999999999,8.37,3473.5499999999997,251.99999999999994,2323.9999999999995,897.5500000000002,25.83955895265651,2025-06-01
2025-06-21,Widget-C,625,8.2,0.021,2485,22,4.9,8.0278,5017.374999999999,107.80000000000001,3062.5,1847.074999999999,36.813572834400446,2025-06-01
2025-06-22,Widget-A,770,7.5,0.058,1998,27,4.2,7.0649999999999995,5440.049999999999,113.4,3234.0,2092.649999999999,38.4674773209805,2025-06-01
2025-06-22,Widget-B,791,9.0,0.103,1885,30,5.599999999999999,8.073,6385.743,167.99999999999997,4429.599999999999,1788.143000000001,28.002113458058066,2025-06-01
2025-06-22,Widget-C,803,8.2,0.076,1831,29,4.9,7.5767999999999995,6084.1704,142.10000000000002,3934.7000000000003,2007.3703999999998,32.993329706873425,2025-06-01
2025-06-23,Widget-A,710,7.5,0.071,2734,32,4.2,6.9675,4946.925,134.4,2982.0,1830.525,37.003289922527635,2025-06-01
2025-06-23,Widget-B,722,9.0,0.036,2775,30,5.599999999999999,8.676,6264.072,167.99999999999997,4043.199999999999,2052.872000000001,32.77216481547468,2025-06-01
2025-06-23,Widget-C,735,8.2,0.048,2233,34,4.9,7.806399999999999,5737.704,166.60000000000002,3601.5000000000005,1969.6039999999994,34.32738949238231,2025-06-01
2025-06-24,Widget-A,828,7.5,0.062,2269,18,4.2,7.034999999999999,5824.98,75.60000000000001,3477.6000000000004,2271.7799999999993,39.0006489292667,2025-06-01
2025-06-24,Widget-B,623,9.0,0.028,2489,29,5.599999999999999,8.748,5450.004,162.39999999999998,3488.7999999999993,1798.8040000000005,33.005553757391745,2025-06-01
2025-06-24,Widget-C,862,8.2,0.0,2297,35,4.9,8.2,7068.4,171.5,4223.8,2673.0999999999995,37.81761077471563,2025-06-01
2025-06-25,Widget-A,707,7.5,0.097,2542,33,4.2,6.7725,4788.1575,138.6,2969.4,1680.1575000000003,35.08985450040021,2025-06-01
2025-06-25,Widget-B,293,9.0,0.029,1953,21,5.599999999999999,8.738999999999999,2560.5269999999996,117.59999999999998,1640.7999999999997,802.127,31.326637055574892,2025-06-01
2025-06-25,Widget-C,853,8.2,0.0,2470,38,4.9,8.2,6994.599999999999,186.20000000000002,4179.700000000001,2628.699999999999,37.58184885483086,2025-06-01
2025-06-26,Widget-A,1189,7.5,0.0,2052,32,4.2,7.5,8917.5,134.4,4993.8,3789.3,42.4928511354079,2025-06-01
2025-06-26,Widget-B,915,9.0,0.097,1928,19,5.599999999999999,8.127,7436.205000000001,106.39999999999998,5123.999999999999,2205.805000000002,29.663047212926514,2025-06-01
2025-06-26,Widget-C,887,8.2,0.043,2293,36,4.9,7.847399999999999,6960.643799999999,176.4,4346.3,2437.943799999999,35.02468837724464,2025-06-01
2025-06-27,Widget-A,853,7.5,0.023,2674,35,4.2,7.3275,6250.3575,147.0,3582.6000000000004,2520.7574999999997,40.32981313468869,2025-06-01
2025-06-27,Widget-B,821,9.0,0.016,1863,20,5.599999999999999,8.856,7270.776,111.99999999999997,4597.5999999999985,2561.1760000000013,35.22562103412347,2025-06-01
2025-06-27,Widget-C,708,8.2,0.08,2632,35,4.9,7.544,5341.152,171.5,3469.2000000000003,1700.4519999999998,31.836802247904565,2025-06-01
2025-06-28,Widget-A,632,7.5,0.039,2341,32,4.2,7.2075,4555.139999999999,134.4,2654.4,1766.3399999999992,38.7768542789025,2025-06-01
2025-06-28,Widget-B,724,9.0,0.01,3000,28,5.599999999999999,8.91,6450.84,156.79999999999995,4054.399999999999,2239.6400000000012,34.718579285798455,2025-06-01
2025-06-28,Widget-C,924,8.2,0.06,2771,43,4.9,7.707999999999999,7122.191999999999,210.70000000000002,4527.6,2383.891999999999,33.471324558506694,2025-06-01
2025-06-29,Widget-A,572,7.5,0.049,2234,14,4.2,7.132499999999999,4079.7899999999995,58.800000000000004,2402.4,1618.5899999999992,39.67336554087341,2025-06-01
2025-06-29,Widget-B,583,9.0,0.03,2384,40,5.599999999999999,8.73,5089.59,223.99999999999994,3264.7999999999993,1600.7900000000009,31.45223878544246,2025-06-01
2025-06-29,Widget-C,761,8.2,0.029,3193,58,4.9,7.962199999999999,6059.2342,284.20000000000005,3728.9,2046.1341999999995,33.768858117416876,2025-06-01
2025-06-30,Widget-A,944,7.5,0.029,2008,32,4.2,7.2825,6874.679999999999,134.4,3964.8,2775.4799999999996,40.37249733805792,2025-06-01
2025-06-30,Widget-B,847,9.0,0.049,2714,43,5.599999999999999,8.559,7249.472999999999,240.79999999999995,4743.199999999999,2265.473,31.25017501272162,2025-06-01
2025-06-30,Widget-C,878,8.2,0.034,2706,39,4.9,7.921199999999999,6954.8135999999995,191.10000000000002,4302.200000000001,2461.5135999999984,35.392948561554526,2025-06-01
2025-07-01,Widget-A,724,7.5,0.015,2189,33,4.2,7.3875,5348.55,138.6,3040.8,2169.15,40.555851585943856,2025-07-01
2025-07-01,Widget-B,786,9.0,0.078,2689,17,5.599999999999999,8.298,6522.228,95.19999999999997,4401.599999999999,2025.4280000000008,31.054234841222982,2025-07-01
2025-07-01,Widget-C,1067,8.2,0.089,2685,25,4.9,7.470199999999999,7970.703399999999,122.50000000000001,5228.3,2619.9033999999992,32.86916183582994,2025-07-01
2025-07-02,Widget-A,837,7.5,0.044,2855,33,4.2,7.17,6001.29,138.6,3515.4,2347.29,39.11309068550261,2025-07-01
2025-07-02,Widget-B,758,9.0,0.049,2251,21,5.599999999999999,8.559,6487.722,117.59999999999998,4244.799999999999,2125.322,32.759141035944516,2025-07-01
2025-07-02,Widget-C,969,8.2,0.078,2031,23,4.9,7.5604,7326.027599999999,112.7,4748.1,2465.2275999999993,33.65026361626046,2025-07-01
2025-07-03,Widget-A,674,7.5,0.029,2865,26,4.2,7.2825,4908.405,109.2,2830.8,1968.4049999999997,40.10274213313693,2025-07-01
2025-07-03,Widget-B,905,9.0,0.059,2457,23,5.599999999999999,8.469000000000001,7664.4450000000015,128.79999999999998,5067.999999999999,2467.6450000000023,32.1960037550012,2025-07-01
2025-07-03,Widget-C,715,8.2,0.086,2494,40,4.9,7.4948,5358.782,196.0,3503.5000000000005,1659.2819999999997,30.963789905989824,2025-07-01
2025-07-04,Widget-A,741,7.5,0.042,2173,30,4.2,7.185,5324.085,126.0,3112.2000000000003,2085.8849999999998,39.178281338483515,2025-07-01
2025-07-04,Widget-B,630,9.0,0.0,2397,32,5.599999999999999,9.0,5670.0,179.19999999999996,3527.999999999999,1962.800000000001,34.617283950617306,2025-07-01
2025-07-04,Widget-C,879,8.2,0.014,2707,30,4.9,8.085199999999999,7106.890799999999,147.0,4307.1,2652.790799999999,37.32702351357361,2025-07-01
2025-07-05,Widget-A,714,7.5,0.028,2469,38,4.2,7.29,5205.06,159.6,2998.8,2046.6600000000003,39.320584200758496,2025-07-01
2025-07-05,Widget-B,809,9.0,0.048,2933,34,5.599999999999999,8.568,6931.512,190.39999999999995,4530.399999999999,2210.7120000000014,31.893647446617727,2025-07-01
2025-07-05,Widget-C,752,8.2,0.0,2785,40,4.9,8.2,6166.4,196.0,3684.8,2285.5999999999995,37.06538661131292,2025-07-01
2025-07-06,Widget-A,786,7.5,0.006,2960,40,4.2,7.455,5859.63,168.0,3301.2000000000003,2390.43,40.7948966060997,2025-07-01
2025-07-06,Widget-B,746,9.0,0.061,2093,31,5.599999999999999,8.451,6304.446000000001,173.59999999999997,4177.599999999999,1953.246000000001,30.982040293469097,2025-07-01
2025-07-06,Widget-C,747,8.2,0.111,1784,23,4.9,7.2898,5445.4806,112.7,3660.3,1672.4805999999999,30.713186270464355,2025-07-01
2025-07-07,Widget-A,879,7.5,0.068,2665,32,4.2,6.989999999999999,6144.209999999999,134.4,3691.8,2318.009999999999,37.72673785563968,2025-07-01
2025-07-07,Widget-B,721,9.0,0.044,1762,18,5.599999999999999,8.604,6203.4839999999995,100.79999999999998,4037.599999999999,2065.0840000000007,33.289100125026536,2025-07-01
2025-07-07,Widget-C,894,8.2,0.083,2705,32,4.9,7.5194,6722.3436,156.8,4380.6,2184.9435999999996,32.50270634782785,2025-07-01
2025-07-08,Widget-A,604,7.5,0.082,2327,34,4.2,6.885000000000001,4158.54,142.8,2536.8,1478.9399999999996,35.563923877129945,2025-07-01
2025-07-08,Widget-B,777,9.0,0.079,2183,36,5.599999999999999,8.289,6440.553,201.59999999999997,4351.199999999999,1887.7530000000006,29.310417909766457,2025-07-01
2025-07-08,Widget-C,819,8.2,0.013,2446,25,4.9,8.093399999999999,6628.494599999999,122.50000000000001,4013.1000000000004,2492.8945999999987,37.608759611873246,2025-07-01
2025-07-09,Widget-A,624,7.5,0.105,2261,28,4.2,6.7125,4188.6,117.60000000000001,2620.8,1450.2000000000003,34.62254691304971,2025-07-01
2025-07-09,Widget-B,737,9.0,0.007,2547,33,5.599999999999999,8.937,6586.5689999999995,184.79999999999995,4127.199999999999,2274.5690000000004,34.533442221587606,2025-07-01
2025-07-09,Widget-C,802,8.2,0.039,2316,29,4.9,7.880199999999999,6319.9204,142.10000000000002,3929.8,2248.0204,35.5703910447986,2025-07-01
2025-07-10,Widget-A,523,7.5,0.0,2415,32,4.2,7.5,3922.5,134.4,2196.6,1591.5,40.5736137667304,2025-07-01
2025-07-10,Widget-B,459,9.0,0.058,2242,19,5.599999999999999,8.478,3891.402,106.39999999999998,2570.3999999999996,1214.6020000000003,31.21245247856686,2025-07-01
2025-07-10,Widget-C,742,8.2,0.043,1831,24,4.9,7.847399999999999,5822.770799999999,117.60000000000001,3635.8,2069.3707999999992,35.539279684510326,2025-07-01
2025-07-11,Widget-A,842,7.5,0.068,2662,25,4.2,6.989999999999999,5885.579999999999,105.0,3536.4,2244.179999999999,38.130141804206204,2025-07-01
2025-07-11,Widget-B,384,9.0,0.041,2240,29,5.599999999999999,8.631,3314.304,162.39999999999998,2150.3999999999996,1001.5040000000004,30.217626385509604,2025-07-01
2025-07-11,Widget-C,625,8.2,0.013,2779,34,4.9,8.093399999999999,5058.374999999999,166.60000000000002,3062.5,1829.2749999999992,36.163293547829085,2025-07-01
2025-07-12,Widget-A,717,7.5,0.046,2140,25,4.2,7.154999999999999,5130.134999999999,105.0,3011.4,2013.7349999999992,39.25306059197272,2025-07-01
2025-07-12,Widget-B,660,9.0,0.006,2819,48,5.599999999999999,8.946,5904.36,268.79999999999995,3695.999999999999,1939.5600000000004,32.84962299046807,2025-07-01
2025-07-12,Widget-C,677,8.2,0.11,2786,31,4.9,7.297999999999999,4940.745999999999,151.9,3317.3,1471.545999999999,29.783882838745384,2025-07-01
2025-07-13,Widget-A,641,7.5,0.0,1997,21,4.2,7.5,4807.5,88.2,2692.2000000000003,2027.1,42.165366614664585,2025-07-01
2025-07-13,Widget-B,741,9.0,0.068,2116,34,5.599999999999999,8.388,6215.508,190.39999999999995,4149.599999999999,1875.5080000000007,30.174653463562446,2025-07-01
2025-07-13,Widget-C,819,8.2,0.016,2533,27,4.9,8.0688,6608.347199999999,132.3,4013.1000000000004,2462.9471999999987,37.270245122713874,2025-07-01
2025-07-14,Widget-A,949,7.5,0.026,1834,29,4.2,7.305,6932.445,121.80000000000001,3985.8,2824.8449999999993,40.74817759102307,2025-07-01
2025-07-14,Widget-B,529,9.0,0.032,2335,33,5.599999999999999,8.712,4608.648,184.79999999999995,2962.399999999999,1461.4480000000012,31.710992030634603,2025-07-01
2025-07-14,Widget-C,733,8.2,0.071,2761,40,4.9,7.6178,5583.8474,196.0,3591.7000000000003,1796.1473999999994,32.16684252510195,2025-07-01
2025-07-15,Widget-A,893,7.5,0.049,2626,32,4.2,7.132499999999999,6369.322499999999,134.4,3750.6000000000004,2484.322499999999,39.00450165618084,2025-07-01
2025-07-15,Widget-B,839,9.0,0.052,2595,33,5.599999999999999,8.532,7158.348,184.79999999999995,4698.399999999999,2275.148000000001,31.78314326154584,2025-07-01
2025-07-15,Widget-C,884,8.2,0.008,2144,25,4.9,8.1344,7190.8096,122.50000000000001,4331.6,2736.709599999999,38.05843503351833,2025-07-01
2025-07-16,Widget-A,563,7.5,0.073,2584,33,4.2,6.952500000000001,3914.2575,138.6,2364.6,1411.0575000000003,36.04917407707593,2025-07-01
2025-07-16,Widget-B,491,9.0,0.041,1971,32,5.599999999999999,8.631,4237.821,179.19999999999996,2749.5999999999995,1309.0210000000006,30.889011121517417,2025-07-01
2025-07-16,Widget-C,735,8.2,0.035,2357,27,4.9,7.912999999999999,5816.054999999999,132.3,3601.5000000000005,2082.2549999999987,35.80184506508275,2025-07-01
2025-07-17,Widget-A,731,7.5,0.092,2020,28,4.2,6.8100000000000005,4978.110000000001,117.60000000000001,3070.2000000000003,1790.3100000000004,35.96364885468582,2025-07-01
2025-07-17,Widget-B,320,9.0,0.077,2826,44,5.599999999999999,8.307,2658.2400000000002,246.39999999999995,1791.9999999999995,619.8400000000008,23.31768388106419,2025-07-01
2025-07-17,Widget-C,1094,8.2,0.051,1990,23,4.9,7.781799999999999,8513.2892,112.7,5360.6,3039.989199999999,35.708750502684666,2025-07-01
2025-07-18,Widget-A,797,7.5,0.072,2821,35,4.2,6.96,5547.12,147.0,3347.4,2052.72,37.00514861766106,2025-07-01
2025-07-18,Widget-B,974,9.0,0.014,2861,27,5.599999999999999,8.874,8643.276,151.19999999999996,5454.399999999999,3037.6760000000013,35.144961239233844,2025-07-01
2025-07-18,Widget-C,763,8.2,0.044,3059,29,4.9,7.839199999999999,5981.3096,142.10000000000002,3738.7000000000003,2100.5095999999994,35.11788789531977,2025-07-01
2025-07-19,Widget-A,883,7.5,0.055,1851,23,4.2,7.0874999999999995,6258.2625,96.60000000000001,3708.6000000000004,2453.0624999999995,39.197181326286646,2025-07-01
2025-07-19,Widget-B,798,9.0,0.037,2257,29,5.599999999999999,8.667,6916.266,162.39999999999998,4468.799999999999,2285.0660000000007,33.03901266955321,2025-07-01
2025-07-19,Widget-C,757,8.2,0.03,2497,23,4.9,7.953999999999999,6021.177999999999,112.7,3709.3,2199.177999999999,36.524048948561216,2025-07-01
2025-07-20,Widget-A,700,7.5,0.046,2502,37,4.2,7.154999999999999,5008.5,155.4,2940.0,1913.1,38.19706498951782,2025-07-01
2025-07-20,Widget-B,678,9.0,0.015,2459,28,5.599999999999999,8.865,6010.47,156.79999999999995,3796.7999999999993,2056.870000000001,34.221450236004856,2025-07-01
2025-07-20,Widget-C,985,8.2,0.046,2850,37,4.9,7.822799999999999,7705.457999999999,181.3,4826.5,2697.6579999999985,35.00970351145901,2025-07-01
2025-07-21,Widget-A,592,7.5,0.083,2120,29,4.2,6.8775,4071.48,121.80000000000001,2486.4,1463.2799999999997,35.93975655044357,2025-07-01
2025-07-21,Widget-B,587,9.0,0.065,2462,28,5.599999999999999,8.415000000000001,4939.6050000000005,156.79999999999995,3287.1999999999994,1495.6050000000014,30.27782585854539,2025-07-01
2025-07-21,Widget-C,747,8.2,0.058,2451,35,4.9,7.724399999999999,5770.126799999999,171.5,3660.3,1938.326799999999,33.5924472231702,2025-07-01
2025-07-22,Widget-A,825,7.5,0.033,1597,26,4.2,7.2524999999999995,5983.3125,109.2,3465.0,2409.1125,40.263858857447275,2025-07-01
2025-07-22,Widget-B,706,9.0,0.111,2270,24,5.599999999999999,8.001,5648.705999999999,134.39999999999998,3953.599999999999,1560.7060000000001,27.62944292020155,2025-07-01
2025-07-22,Widget-C,414,8.2,0.052,2675,25,4.9,7.773599999999999,3218.2704,122.50000000000001,2028.6000000000001,1067.1703999999995,33.15974941073937,2025-07-01
2025-07-23,Widget-A,865,7.5,0.018,3046,44,4.2,7.365,6370.725,184.8,3633.0,2552.925,40.07275467077923,2025-07-01
2025-07-23,Widget-B,494,9.0,0.115,2070,32,5.599999999999999,7.965,3934.71,179.19999999999996,2766.399999999999,989.110000000001,25.13806608365041,2025-07-01
2025-07-23,Widget-C,694,8.2,0.112,2617,22,4.9,7.281599999999999,5053.430399999999,107.80000000000001,3400.6000000000004,1545.0303999999987,30.573892934193754,2025-07-01
2025-07-24,Widget-A,880,7.5,0.052,1858,16,4.2,7.109999999999999,6256.799999999999,67.2,3696.0,2493.5999999999995,39.8542385884158,2025-07-01
2025-07-24,Widget-B,771,9.0,0.069,1690,18,5.599999999999999,8.379000000000001,6460.209000000001,100.79999999999998,4317.599999999999,2041.809000000001,31.605927919669487,2025-07-01
2025-07-24,Widget-C,926,8.2,0.063,2172,26,4.9,7.6834,7114.828399999999,127.4,4537.400000000001,2450.0283999999992,34.43552342035402,2025-07-01
2025-07-25,Widget-A,821,7.5,0.055,2695,30,4.2,7.0874999999999995,5818.8375,126.0,3448.2000000000003,2244.6374999999994,38.57535976902602,2025-07-01
2025-07-25,Widget-B,902,9.0,0.075,2551,23,5.599999999999999,8.325000000000001,7509.150000000001,128.79999999999998,5051.199999999999,2329.1500000000015,31.017491993101764,2025-07-01
2025-07-25,Widget-C,599,8.2,0.031,2430,39,4.9,7.945799999999999,4759.534199999999,191.10000000000002,2935.1000000000004,1633.3341999999989,34.31710187101921,2025-07-01
2025-07-26,Widget-A,849,7.5,0.031,2488,33,4.2,7.2675,6170.1075,138.6,3565.8,2465.7075,39.96214814733779,2025-07-01
2025-07-26,Widget-B,643,9.0,0.021,2231,31,5.599999999999999,8.811,5665.473,173.59999999999997,3600.7999999999993,1891.0730000000008,33.37890763930921,2025-07-01
2025-07-26,Widget-C,710,8.2,0.063,3010,37,4.9,7.6834,5455.214,181.3,3479.0000000000005,1794.9139999999993,32.90272388947527,2025-07-01
2025-07-27,Widget-A,949,7.5,0.05,2310,32,4.2,7.125,6761.625,134.4,3985.8,2641.425,39.064943708058344,2025-07-01
2025-07-27,Widget-B,1011,9.0,0.048,2028,33,5.599999999999999,8.568,8662.248,184.79999999999995,5661.5999999999985,2815.848000000001,32.50712748007216,2025-07-01
2025-07-27,Widget-C,1229,8.2,0.08,2363,16,4.9,7.544,9271.576,78.4,6022.1,3171.075999999999,34.20212485989436,2025-07-01
2025-07-28,Widget-A,874,7.5,0.035,2604,28,4.2,7.2375,6325.575,117.60000000000001,3670.8,2537.1749999999997,40.1097923904151,2025-07-01
2025-07-28,Widget-B,276,9.0,0.045,1593,24,5.599999999999999,8.594999999999999,2372.22,134.39999999999998,1545.5999999999997,692.2200000000003,29.180261527177088,2025-07-01
2025-07-28,Widget-C,776,8.2,0.108,2293,24,4.9,7.314399999999999,5675.974399999999,117.60000000000001,3802.4,1755.9743999999992,30.93696828512827,2025-07-01
2025-07-29,Widget-A,593,7.5,0.107,2072,27,4.2,6.6975,3971.6175,113.4,2490.6,1367.6174999999998,34.43477374142903,2025-07-01
2025-07-29,Widget-B,662,9.0,0.072,2880,32,5.599999999999999,8.352,5529.024,179.19999999999996,3707.1999999999994,1642.6240000000012,29.70911321781206,2025-07-01
2025-07-29,Widget-C,369,8.2,0.054,2559,29,4.9,7.757199999999999,2862.4067999999997,142.10000000000002,1808.1000000000001,912.2067999999995,31.86852406862643,2025-07-01
2025-07-30,Widget-A,748,7.5,0.07,2510,30,4.2,6.975,5217.3,126.0,3141.6,1949.7000000000003,37.36990397331954,2025-07-01
2025-07-30,Widget-B,713,9.0,0.016,2422,28,5.599999999999999,8.856,6314.3279999999995,156.79999999999995,3992.7999999999993,2164.728,34.282793038309066,2025-07-01
2025-07-30,Widget-C,892,8.2,0.071,2264,30,4.9,7.6178,6795.0776,147.0,4370.8,2277.2775999999994,33.51363640056148,2025-07-01
2025-07-31,Widget-A,889,7.5,0.08,2557,32,4.2,6.9,6134.1,134.4,3733.8,2265.9,36.93940431359123,2025-07-01
2025-07-31,Widget-B,865,9.0,0.049,2281,32,5.599999999999999,8.559,7403.534999999999,179.19999999999996,4843.999999999999,2380.335,32.151330411756014,2025-07-01
2025-07-31,Widget-C,546,8.2,0.008,2018,24,4.9,8.1344,4441.3823999999995,117.60000000000001,2675.4,1648.3823999999995,37.11417418144404,2025-07-01
2025-08-01,Widget-A,1002,7.5,0.071,2853,25,4.2,6.9675,6981.435,105.0,4208.400000000001,2668.035,38.21614037801684,2025-08-01
2025-08-01,Widget-B,715,9.0,0.037,2173,32,5.599999999999999,8.667,6196.905,179.19999999999996,4003.999999999999,2013.7050000000008,32.49533436449325,2025-08-01
2025-08-01,Widget-C,754,8.2,0.051,2544,28,4.9,7.781799999999999,5867.477199999999,137.20000000000002,3694.6000000000004,2035.6771999999992,34.69424985579832,2025-08-01
2025-08-02,Widget-A,749,7.5,0.029,2506,27,4.2,7.2825,5454.5925,113.4,3145.8,2195.3924999999995,40.24851535655504,2025-08-01
2025-08-02,Widget-B,1024,9.0,0.057,2434,18,5.599999999999999,8.487,8690.688,100.79999999999998,5734.399999999999,2855.488000000001,32.856869329562876,2025-08-01
2025-08-02,Widget-C,659,8.2,0.011,2891,30,4.9,8.1098,5344.3582,147.0,3229.1000000000004,1968.2581999999993,36.82871032110085,2025-08-01
2025-08-03,Widget-A,691,7.5,0.072,1803,19,4.2,6.96,4809.36,79.8,2902.2000000000003,1827.3599999999992,37.99590797944008,2025-08-01
2025-08-03,Widget-B,813,9.0,0.043,2161,28,5.599999999999999,8.613,7002.369,156.79999999999995,4552.799999999999,2292.7690000000002,32.74276177105206,2025-08-01
2025-08-03,Widget-C,757,8.2,0.041,3125,35,4.9,7.8637999999999995,5952.8966,171.5,3709.3,2072.0966,34.808207486755265,2025-08-01
2025-08-04,Widget-A,633,7.5,0.089,2456,38,4.2,6.8325000000000005,4324.9725,159.6,2658.6,1506.7725,34.83889203919794,2025-08-01
2025-08-04,Widget-B,755,9.0,0.124,2031,20,5.599999999999999,7.884,5952.42,111.99999999999997,4227.999999999999,1612.420000000001,27.08847829958237,2025-08-01
2025-08-04,Widget-C,636,8.2,0.046,2407,23,4.9,7.822799999999999,4975.300799999999,112.7,3116.4,1746.2007999999992,35.09739149841955,2025-08-01
2025-08-05,Widget-A,932,7.5,0.043,2227,26,4.2,7.177499999999999,6689.429999999999,109.2,3914.4,2665.8299999999995,39.85137747162314,2025-08-01
2025-08-05,Widget-B,491,9.0,0.022,2688,37,5.599999999999999,8.802,4321.782,207.19999999999996,2749.5999999999995,1364.9820000000009,31.583777247441002,2025-08-01
2025-08-05,Widget-C,765,8.2,0.06,2436,34,4.9,7.707999999999999,5896.62,166.60000000000002,3748.5000000000005,1981.5199999999995,33.604336043360426,2025-08-01
2025-08-06,Widget-A,785,7.5,0.08,2298,22,4.2,6.9,5416.5,92.4,3297.0,2027.1,37.42453613957352,2025-08-01
2025-08-06,Widget-B,848,9.0,0.06,2019,21,5.599999999999999,8.459999999999999,7174.079999999999,117.59999999999998,4748.799999999999,2307.6799999999994,32.16691199429055,2025-08-01
2025-08-06,Widget-C,754,8.2,0.042,2029,16,4.9,7.855599999999999,5923.122399999999,78.4,3694.6000000000004,2150.122399999999,36.30048907988123,2025-08-01
2025-08-07,Widget-A,882,7.5,0.078,3084,31,4.2,6.915,6099.03,130.20000000000002,3704.4,2264.43,37.12770719278311,2025-08-01
2025-08-07,Widget-B,709,9.0,0.063,2815,31,5.599999999999999,8.433,5978.997,173.59999999999997,3970.399999999999,1834.9970000000012,30.690716185340133,2025-08-01
2025-08-07,Widget-C,701,8.2,0.008,2671,37,4.9,8.1344,5702.2144,181.3,3434.9,2086.0143999999996,36.582531866918224,2025-08-01
2025-08-08,Widget-A,649,7.5,0.073,2295,35,4.2,6.952500000000001,4512.172500000001,147.0,2725.8,1639.3725000000004,36.33222134127186,2025-08-01
2025-08-08,Widget-B,767,9.0,0.098,1643,20,5.599999999999999,8.118,6226.506,111.99999999999997,4295.199999999999,1819.3060000000014,29.2187303762335,2025-08-01
2025-08-08,Widget-C,758,8.2,0.076,3118,41,4.9,7.5767999999999995,5743.2144,200.9,3714.2000000000003,1828.1143999999995,31.830857646547194,2025-08-01
2025-08-09,Widget-A,998,7.5,0.08,2415,32,4.2,6.9,6886.200000000001,134.4,4191.6,2560.2000000000007,37.178705236560084,2025-08-01
2025-08-09,Widget-B,608,9.0,0.044,1443,13,5.599999999999999,8.604,5231.232,72.79999999999998,3404.7999999999993,1753.6320000000005,33.52235190486678,2025-08-01
2025-08-09,Widget-C,769,8.2,0.02,1703,19,4.9,8.036,6179.683999999999,93.10000000000001,3768.1000000000004,2318.483999999999,37.51784071806907,2025-08-01
2025-08-10,Widget-A,871,7.5,0.081,2355,24,4.2,6.8925,6003.3675,100.80000000000001,3658.2000000000003,2244.3675,37.385142588722076,2025-08-01
2025-08-10,Widget-B,627,9.0,0.109,2593,45,5.599999999999999,8.019,5027.9130000000005,251.99999999999994,3511.1999999999994,1264.713000000001,25.153836194063047,2025-08-01
2025-08-10,Widget-C,706,8.2,0.044,2741,32,4.9,7.839199999999999,5534.475199999999,156.8,3459.4,1918.2751999999987,34.66047151137291,2025-08-01
2025-08-11,Widget-A,764,7.5,0.029,2636,33,4.2,7.2825,5563.83,138.6,3208.8,2216.43,39.836407654439476,2025-08-01
2025-08-11,Widget-B,762,9.0,0.051,2193,31,5.599999999999999,8.541,6508.242,173.59999999999997,4267.199999999999,2067.442000000001,31.766520052573348,2025-08-01
2025-08-11,Widget-C,999,8.2,0.068,2261,29,4.9,7.6423999999999985,7634.757599999998,142.10000000000002,4895.1,2597.5575999999974,34.02279071702287,2025-08-01
2025-08-12,Widget-A,880,7.5,0.043,2292,23,4.2,7.177499999999999,6316.2,96.60000000000001,3696.0,2523.6,39.954402963807354,2025-08-01
2025-08-12,Widget-B,487,9.0,0.047,3170,42,5.599999999999999,8.577,4176.999,235.19999999999996,2727.1999999999994,1214.5990000000006,29.078268871982033,2025-08-01
2025-08-12,Widget-C,622,8.2,0.079,2459,27,4.9,7.5522,4697.4684,132.3,3047.8,1517.3683999999994,32.30183304692373,2025-08-01
2025-08-13,Widget-A,795,7.5,0.1,2718,27,4.2,6.75,5366.25,113.4,3339.0,1913.85,35.664570230607964,2025-08-01
2025-08-13,Widget-B,810,9.0,0.075,3136,46,5.599999999999999,8.325000000000001,6743.250000000001,257.59999999999997,4535.999999999999,1949.6500000000015,28.912616320023744,2025-08-01
2025-08-13,Widget-C,784,8.2,0.056,2629,32,4.9,7.740799999999999,6068.7872,156.8,3841.6000000000004,2070.387199999999,34.11533691608101,2025-08-01
2025-08-14,Widget-A,897,7.5,0.078,1539,19,4.2,6.915,6202.755,79.8,3767.4,2355.555,37.97594778449253,2025-08-01
2025-08-14,Widget-B,593,9.0,0.065,2719,42,5.599999999999999,8.415000000000001,4990.095,235.19999999999996,3320.7999999999993,1434.0950000000012,28.73883162545004,2025-08-01
2025-08-14,Widget-C,1143,8.2,0.047,2549,25,4.9,7.814599999999999,8932.0878,122.50000000000001,5600.700000000001,3208.8877999999986,35.92539473246108,2025-08-01
2025-08-15,Widget-A,761,7.5,0.029,3051,43,4.2,7.2825,5541.9825,180.6,3196.2000000000003,2165.1825,39.06873578182537,2025-08-01
2025-08-15,Widget-B,482,9.0,0.086,2867,34,5.599999999999999,8.226,3964.9320000000002,190.39999999999995,2699.1999999999994,1075.3320000000008,27.121070424410824,2025-08-01
2025-08-15,Widget-C,759,8.2,0.059,1801,32,4.9,7.7162,5856.5958,156.8,3719.1000000000004,1980.6957999999995,33.819916341161864,2025-08-01
2025-08-16,Widget-A,1076,7.5,0.125,1708,24,4.2,6.5625,7061.25,100.80000000000001,4519.2,2441.25,34.572490706319705,2025-08-01
2025-08-16,Widget-B,566,9.0,0.082,1840,28,5.599999999999999,8.262,4676.292,156.79999999999995,3169.5999999999995,1349.8920000000007,28.866717476154196,2025-08-01
2025-08-16,Widget-C,843,8.2,0.062,2504,37,4.9,7.691599999999998,6484.018799999999,181.3,4130.700000000001,2172.018799999998,33.4980336577679,2025-08-01
2025-08-17,Widget-A,871,7.5,0.049,2257,29,4.2,7.132499999999999,6212.407499999999,121.80000000000001,3658.2000000000003,2432.407499999999,39.15402362127725,2025-08-01
2025-08-17,Widget-B,938,9.0,0.068,2315,37,5.599999999999999,8.388,7867.9439999999995,207.19999999999996,5252.799999999999,2407.9440000000004,30.604488288172877,2025-08-01
2025-08-17,Widget-C,802,8.2,0.087,1943,29,4.9,7.486599999999999,6004.253199999999,142.10000000000002,3929.8,1932.353199999999,32.18307315887344,2025-08-01
2025-08-18,Widget-A,934,7.5,0.064,2632,24,4.2,7.02,6556.679999999999,100.80000000000001,3922.8,2533.079999999999,38.63357674920843,2025-08-01
2025-08-18,Widget-B,749,9.0,0.103,2664,31,5.599999999999999,8.073,6046.677000000001,173.59999999999997,4194.399999999999,1678.6770000000015,27.761975709964354,2025-08-01
2025-08-18,Widget-C,826,8.2,0.047,2242,26,4.9,7.814599999999999,6454.859599999999,127.4,4047.4,2280.0595999999987,35.32314784972239,2025-08-01
2025-08-19,Widget-A,671,7.5,0.04,2631,30,4.2,7.199999999999999,4831.2,126.0,2818.2000000000003,1886.9999999999995,39.05861897665176,2025-08-01
2025-08-19,Widget-B,542,9.0,0.053,2133,28,5.599999999999999,8.523,4619.465999999999,156.79999999999995,3035.1999999999994,1427.4660000000003,30.901104153596986,2025-08-01
2025-08-19,Widget-C,788,8.2,0.0,2464,36,4.9,8.2,6461.599999999999,176.4,3861.2000000000003,2423.999999999999,37.51392843877676,2025-08-01
2025-08-20,Widget-A,803,7.5,0.07,2629,42,4.2,6.975,5600.924999999999,176.4,3372.6000000000004,2051.924999999999,36.63546646312884,2025-08-01
2025-08-20,Widget-B,725,9.0,0.021,2543,37,5.599999999999999,8.811,6387.975,207.19999999999996,4059.999999999999,2120.7750000000015,33.19948810068921,2025-08-01
2025-08-20,Widget-C,940,8.2,0.029,2131,33,4.9,7.962199999999999,7484.467999999999,161.70000000000002,4606.0,2716.767999999999,36.29874561558683,2025-08-01
2025-08-21,Widget-A,616,7.5,0.018,2879,25,4.2,7.365,4536.84,105.0,2587.2000000000003,1844.6399999999999,40.6591371968154,2025-08-01
2025-08-21,Widget-B,698,9.0,0.08,2803,48,5.599999999999999,8.280000000000001,5779.4400000000005,268.79999999999995,3908.7999999999993,1601.840000000001,27.716180114336353,2025-08-01
2025-08-21,Widget-C,925,8.2,0.056,2402,31,4.9,7.740799999999999,7160.239999999999,151.9,4532.5,2475.8399999999992,34.57761192362266,2025-08-01
2025-08-22,Widget-A,621,7.5,0.03,2487,32,4.2,7.2749999999999995,4517.775,134.4,2608.2000000000003,1775.1749999999993,39.29312548765708,2025-08-01
2025-08-22,Widget-B,565,9.0,0.045,2448,33,5.599999999999999,8.594999999999999,4856.174999999999,184.79999999999995,3163.999999999999,1507.375,31.040376427949983,2025-08-01
2025-08-22,Widget-C,484,8.2,0.053,2320,32,4.9,7.765399999999999,3758.4535999999994,156.8,2371.6000000000004,1230.0535999999988,32.72765160650112,2025-08-01
2025-08-23,Widget-A,896,7.5,0.046,2273,22,4.2,7.154999999999999,6410.879999999999,92.4,3763.2000000000003,2555.279999999999,39.85849056603772,2025-08-01
2025-08-23,Widget-B,769,9.0,0.022,2863,22,5.599999999999999,8.802,6768.737999999999,123.19999999999997,4306.399999999999,2339.138000000001,34.55796338992588,2025-08-01
2025-08-23,Widget-C,531,8.2,0.031,2479,33,4.9,7.945799999999999,4219.2198,161.70000000000002,2601.9,1455.6198,34.49973855355912,2025-08-01
2025-08-24,Widget-A,973,7.5,0.081,2655,36,4.2,6.8925,6706.4025,151.20000000000002,4086.6000000000004,2468.6025,36.80963825240134,2025-08-01
2025-08-24,Widget-B,631,9.0,0.086,2563,31,5.599999999999999,8.226,5190.606000000001,173.59999999999997,3533.599999999999,1483.4060000000018,28.578666922513506,2025-08-01
2025-08-24,Widget-C,701,8.2,0.095,2426,29,4.9,7.420999999999999,5202.120999999999,142.10000000000002,3434.9,1625.1209999999992,31.239584777055345,2025-08-01
2025-08-25,Widget-A,872,7.5,0.036,2719,42,4.2,7.2299999999999995,6304.5599999999995,176.4,3662.4,2465.7599999999993,39.11073889375308,2025-08-01
2025-08-25,Widget-B,819,9.0,0.027,2591,39,5.599999999999999,8.757,7171.983,218.39999999999995,4586.399999999999,2367.183000000002,33.00597617144383,2025-08-01
2025-08-25,Widget-C,609,8.2,0.006,1860,30,4.9,8.150799999999998,4963.837199999999,147.0,2984.1000000000004,1832.7371999999987,36.92178301093354,2025-08-01
2025-08-26,Widget-A,838,7.5,0.048,2655,23,4.2,7.14,5983.32,96.60000000000001,3519.6000000000004,2367.1199999999994,39.561982310824085,2025-08-01
2025-08-26,Widget-B,688,9.0,0.038,2822,24,5.599999999999999,8.658,5956.704,134.39999999999998,3852.7999999999993,1969.5040000000004,33.06365399388656,2025-08-01
2025-08-26,Widget-C,965,8.2,0.037,2280,33,4.9,7.896599999999999,7620.218999999999,161.70000000000002,4728.5,2730.0189999999993,35.82599135274196,2025-08-01
2025-08-27,Widget-A,691,7.5,0.087,2329,26,4.2,6.8475,4731.6225,109.2,2902.2000000000003,1720.2225000000003,36.35586947183551,2025-08-01
2025-08-27,Widget-B,913,9.0,0.06,2146,20,5.599999999999999,8.459999999999999,7723.98,111.99999999999997,5112.799999999999,2499.1800000000003,32.356116924176405,2025-08-01
2025-08-27,Widget-C,488,8.2,0.032,2852,49,4.9,7.937599999999999,3873.5487999999996,240.10000000000002,2391.2000000000003,1242.2487999999994,32.07004388327312,2025-08-01
2025-08-28,Widget-A,891,7.5,0.051,2174,35,4.2,7.1175,6341.6925,147.0,3742.2000000000003,2452.4925,38.67252314740899,2025-08-01
2025-08-28,Widget-B,933,9.0,0.009,1827,17,5.599999999999999,8.919,8321.427,95.19999999999997,5224.799999999999,3001.4270000000006,36.06865745502545,2025-08-01
2025-08-28,Widget-C,851,8.2,0.031,2717,45,4.9,7.945799999999999,6761.8758,220.50000000000003,4169.900000000001,2371.4757999999993,35.07127119962776,2025-08-01
2025-08-29,Widget-A,998,7.5,0.048,2553,28,4.2,7.14,7125.719999999999,117.60000000000001,4191.6,2816.5199999999986,39.52611104562064,2025-08-01
2025-08-29,Widget-B,854,9.0,0.031,2103,14,5.599999999999999,8.721,7447.734,78.39999999999998,4782.399999999999,2586.934000000002,34.734511194948716,2025-08-01
2025-08-29,Widget-C,538,8.2,0.017,2114,26,4.9,8.060599999999999,4336.6028,127.4,2636.2000000000003,1573.0027999999993,36.2726971444099,2025-08-01
2025-08-30,Widget-A,708,7.5,0.019,2225,32,4.2,7.3575,5209.11,134.4,2973.6,2101.1099999999997,40.33529720048146,2025-08-01
2025-08-30,Widget-B,880,9.0,0.09,2617,38,5.599999999999999,8.19,7207.2,212.79999999999995,4927.999999999999,2066.4000000000005,28.671328671328677,2025-08-01
2025-08-30,Widget-C,790,8.2,0.019,1331,20,4.9,8.0442,6354.918,98.0,3871.0000000000005,2385.917999999999,37.5444340902589,2025-08-01
2025-08-31,Widget-A,782,7.5,0.029,2732,28,4.2,7.2825,5694.915,117.60000000000001,3284.4,2292.915,40.2624973331472,2025-08-01
2025-08-31,Widget-B,918,9.0,0.059,1968,21,5.599999999999999,8.469000000000001,7774.542000000001,117.59999999999998,5140.799999999999,2516.1420000000016,32.363861433895416,2025-08-01
2025-08-31,Widget-C,823,8.2,0.038,1614,16,4.9,7.888399999999999,6492.153199999999,78.4,4032.7000000000003,2381.0531999999985,36.67586279387244,2025-08-01
2025-09-01,Widget-A,498,7.5,0.027,2313,24,4.2,7.297499999999999,3634.1549999999997,100.80000000000001,2091.6,1441.7549999999997,39.672358498743165,2025-09-01
2025-09-01,Widget-B,532,9.0,0.061,2736,36,5.599999999999999,8.451,4495.932000000001,201.59999999999997,2979.1999999999994,1315.1320000000014,29.251599001052536,2025-09-01
2025-09-01,Widget-C,764,8.2,0.026,2700,23,4.9,7.986799999999999,6101.9151999999995,112.7,3743.6000000000004,2245.6151999999993,36.80180937289983,2025-09-01
2025-09-02,Widget-A,741,7.5,0.097,2423,22,4.2,6.7725,5018.4225,92.4,3112.2000000000003,1813.8224999999993,36.14328008452855,2025-09-01
2025-09-02,Widget-B,556,9.0,0.022,2353,36,5.599999999999999,8.802,4893.911999999999,201.59999999999997,3113.5999999999995,1578.712,32.25869202388601,2025-09-01
2025-09-02,Widget-C,715,8.2,0.029,2487,33,4.9,7.962199999999999,5692.972999999999,161.70000000000002,3503.5000000000005,2027.7729999999988,35.61887611270946,2025-09-01
2025-09-03,Widget-A,735,7.5,0.066,2190,27,4.2,7.005,5148.675,113.4,3087.0,1948.275,37.84031814010401,2025-09-01
2025-09-03,Widget-B,959,9.0,0.0,2903,30,5.599999999999999,9.0,8631.0,167.99999999999997,5370.399999999999,3092.6000000000013,35.83130575831307,2025-09-01
2025-09-03,Widget-C,747,8.2,0.051,2030,22,4.9,7.781799999999999,5813.004599999999,107.80000000000001,3660.3,2044.904599999999,35.178100495568145,2025-09-01
2025-09-04,Widget-A,787,7.5,0.044,1870,22,4.2,7.17,5642.79,92.4,3305.4,2244.99,39.785106303796525,2025-09-01
2025-09-04,Widget-B,648,9.0,0.08,2489,36,5.599999999999999,8.280000000000001,5365.4400000000005,201.59999999999997,3628.7999999999993,1535.0400000000013,28.609769189479355,2025-09-01
2025-09-04,Widget-C,680,8.2,0.046,2135,28,4.9,7.822799999999999,5319.503999999999,137.20000000000002,3332.0000000000005,1850.3039999999987,34.78339333892782,2025-09-01
2025-09-05,Widget-A,799,7.5,0.053,3169,37,4.2,7.1025,5674.8975,155.4,3355.8,2163.6974999999998,38.127516840612536,2025-09-01
2025-09-05,Widget-B,674,9.0,0.08,1826,16,5.599999999999999,8.280000000000001,5580.720000000001,89.59999999999998,3774.399999999999,1716.720000000002,30.761622156280943,2025-09-01
2025-09-05,Widget-C,748,8.2,0.055,2051,23,4.9,7.748999999999999,5796.2519999999995,112.7,3665.2000000000003,2018.3519999999994,34.82167441995275,2025-09-01
2025-09-06,Widget-A,792,7.5,0.02,2393,28,4.2,7.35,5821.2,117.60000000000001,3326.4,2377.2,40.83694083694083,2025-09-01
2025-09-06,Widget-B,575,9.0,0.018,2647,35,5.599999999999999,8.838,5081.849999999999,195.99999999999994,3219.999999999999,1665.8500000000004,32.780385095978836,2025-09-01
2025-09-06,Widget-C,778,8.2,0.029,3027,35,4.9,7.962199999999999,6194.5916,171.5,3812.2000000000003,2210.8915999999995,35.69067571783101,2025-09-01
2025-09-07,Widget-A,640,7.5,0.057,2117,27,4.2,7.0725,4526.4,113.4,2688.0,1724.9999999999995,38.10975609756097,2025-09-01
2025-09-07,Widget-B,778,9.0,0.0,2647,47,5.599999999999999,9.0,7002.0,263.19999999999993,4356.799999999999,2382.000000000001,34.01885175664097,2025-09-01
2025-09-07,Widget-C,1003,8.2,0.051,2522,40,4.9,7.781799999999999,7805.1453999999985,196.0,4914.700000000001,2694.445399999998,34.52139917854699,2025-09-01
2025-09-08,Widget-A,784,7.5,0.082,2664,23,4.2,6.885000000000001,5397.84,96.60000000000001,3292.8,2008.44,37.20821661998133,2025-09-01
2025-09-08,Widget-B,710,9.0,0.032,3337,62,5.599999999999999,8.712,6185.5199999999995,347.19999999999993,3975.999999999999,1862.3200000000006,30.107735485456367,2025-09-01
2025-09-08,Widget-C,1079,8.2,0.018,2606,24,4.9,8.052399999999999,8688.539599999998,117.60000000000001,5287.1,3283.8395999999975,37.79506972610216,2025-09-01
2025-09-09,Widget-A,785,7.5,0.075,2851,45,4.2,6.9375,5445.9375,189.0,3297.0,1959.9375,35.98898261318643,2025-09-01
2025-09-09,Widget-B,539,9.0,0.047,2994,24,5.599999999999999,8.577,4623.003,134.39999999999998,3018.399999999999,1470.2030000000004,31.801904519638,2025-09-01
2025-09-09,Widget-C,807,8.2,0.122,2040,31,4.9,7.199599999999999,5810.0772,151.9,3954.3,1703.8772,29.326240277840025,2025-09-01
2025-09-10,Widget-A,666,7.5,0.049,2254,26,4.2,7.132499999999999,4750.245,109.2,2797.2000000000003,1843.8449999999998,38.815787396229034,2025-09-01
2025-09-10,Widget-B,798,9.0,0.052,2602,37,5.599999999999999,8.532,6808.536,207.19999999999996,4468.799999999999,2132.536000000001,31.321505827390805,2025-09-01
2025-09-10,Widget-C,569,8.2,0.062,2973,33,4.9,7.691599999999998,4376.520399999999,161.70000000000002,2788.1000000000004,1426.7203999999992,32.599423048502175,2025-09-01
2025-09-11,Widget-A,816,7.5,0.063,1922,16,4.2,7.027500000000001,5734.4400000000005,67.2,3427.2000000000003,2240.0400000000004,39.06292506330174,2025-09-01
2025-09-11,Widget-B,869,9.0,0.08,2857,35,5.599999999999999,8.280000000000001,7195.320000000001,195.99999999999994,4866.399999999999,2132.920000000002,29.6431569409005,2025-09-01
2025-09-11,Widget-C,811,8.2,0.059,2640,31,4.9,7.7162,6257.8382,151.9,3973.9,2132.0382,34.06988374995058,2025-09-01
2025-09-12,Widget-A,635,7.5,0.046,2413,43,4.2,7.154999999999999,4543.424999999999,180.6,2667.0,1695.8249999999994,37.324815530134195,2025-09-01
2025-09-12,Widget-B,733,9.0,0.038,2151,25,5.599999999999999,8.658,6346.313999999999,139.99999999999997,4104.799999999999,2101.514,33.113930385417426,2025-09-01
2025-09-12,Widget-C,764,8.2,0.025,2793,29,4.9,7.994999999999999,6108.179999999999,142.10000000000002,3743.6000000000004,2222.479999999999,36.38530626143957,2025-09-01
2025-09-13,Widget-A,1030,7.5,0.115,2469,31,4.2,6.6375,6836.625,130.20000000000002,4326.0,2380.425,34.818715374910866,2025-09-01
2025-09-13,Widget-B,641,9.0,0.062,2192,23,5.599999999999999,8.442,5411.322,128.79999999999998,3589.599999999999,1692.922000000001,31.28481358159801,2025-09-01
2025-09-13,Widget-C,714,8.2,0.088,3012,27,4.9,7.4784,5339.5776,132.3,3498.6000000000004,1708.677599999999,32.000239120038245,2025-09-01
2025-09-14,Widget-A,865,7.5,0.052,2192,40,4.2,7.109999999999999,6150.15,168.0,3633.0,2349.1499999999996,38.19662935050364,2025-09-01
2025-09-14,Widget-B,666,9.0,0.054,2102,30,5.599999999999999,8.514,5670.324,167.99999999999997,3729.599999999999,1772.7240000000006,31.263187077140582,2025-09-01
2025-09-14,Widget-C,599,8.2,0.07,2545,32,4.9,7.625999999999999,4567.973999999999,156.8,2935.1000000000004,1476.0739999999987,32.31353768651045,2025-09-01
2025-09-15,Widget-A,692,7.5,0.066,2929,53,4.2,7.005,4847.46,222.60000000000002,2906.4,1718.46,35.45073089824361,2025-09-01
2025-09-15,Widget-B,719,9.0,0.083,1884,19,5.599999999999999,8.253,5933.907,106.39999999999998,4026.399999999999,1801.1070000000009,30.352801282527697,2025-09-01
2025-09-15,Widget-C,747,8.2,0.081,1884,18,4.9,7.5358,5629.2426000000005,88.2,3660.3,1880.7426000000005,33.41022467214329,2025-09-01
2025-09-16,Widget-A,661,7.5,0.068,1994,32,4.2,6.989999999999999,4620.389999999999,134.4,2776.2000000000003,1709.789999999999,37.005317732918634,2025-09-01
2025-09-16,Widget-B,666,9.0,0.056,2508,43,5.599999999999999,8.495999999999999,5658.335999999999,240.79999999999995,3729.599999999999,1687.9360000000006,29.830960904407245,2025-09-01
2025-09-16,Widget-C,760,8.2,0.078,2703,20,4.9,7.5604,5745.9039999999995,98.0,3724.0000000000005,1923.903999999999,33.483051579003046,2025-09-01
2025-09-17,Widget-A,497,7.5,0.06,1998,20,4.2,7.05,3503.85,84.0,2087.4,1332.4499999999998,38.0281690140845,2025-09-01
2025-09-17,Widget-B,475,9.0,0.086,2953,47,5.599999999999999,8.226,3907.3500000000004,263.19999999999993,2659.9999999999995,984.150000000001,25.187147299320532,2025-09-01
2025-09-17,Widget-C,454,8.2,0.02,1641,24,4.9,8.036,3648.3439999999996,117.60000000000001,2224.6000000000004,1306.1439999999993,35.80100999247877,2025-09-01
2025-09-18,Widget-A,548,7.5,0.099,2286,42,4.2,6.7575,3703.11,176.4,2301.6,1225.1100000000001,33.083273248701765,2025-09-01
2025-09-18,Widget-B,506,9.0,0.053,1829,18,5.599999999999999,8.523,4312.638,100.79999999999998,2833.5999999999995,1378.2380000000003,31.9581193691657,2025-09-01
2025-09-18,Widget-C,669,8.2,0.0,2233,19,4.9,8.2,5485.799999999999,93.10000000000001,3278.1000000000004,2114.599999999999,38.546793539684266,2025-09-01
2025-09-19,Widget-A,749,7.5,0.07,2523,45,4.2,6.975,5224.275,189.0,3145.8,1889.4749999999995,36.16721937493718,2025-09-01
2025-09-19,Widget-B,672,9.0,0.078,1771,20,5.599999999999999,8.298,5576.256,111.99999999999997,3763.1999999999994,1701.056000000001,30.50534265284809,2025-09-01
2025-09-19,Widget-C,695,8.2,0.05,2032,26,4.9,7.789999999999999,5414.049999999999,127.4,3405.5000000000005,1881.1499999999987,34.74570792659837,2025-09-01
2025-09-20,Widget-A,742,7.5,0.06,2682,27,4.2,7.05,5231.099999999999,113.4,3116.4,2001.2999999999993,38.25772782015254,2025-09-01
2025-09-20,Widget-B,984,9.0,0.061,2676,44,5.599999999999999,8.451,8315.784,246.39999999999995,5510.399999999999,2558.9840000000013,30.77261266045392,2025-09-01
2025-09-20,Widget-C,779,8.2,0.031,3276,35,4.9,7.945799999999999,6189.7782,171.5,3817.1000000000004,2201.1781999999994,35.56150364160059,2025-09-01
2025-09-21,Widget-A,686,7.5,0.094,2624,26,4.2,6.795,4661.37,109.2,2881.2000000000003,1670.9699999999998,35.8471865567419,2025-09-01
2025-09-21,Widget-B,533,9.0,0.023,1944,22,5.599999999999999,8.793,4686.669,123.19999999999997,2984.7999999999993,1578.6690000000008,33.68424354269527,2025-09-01
2025-09-21,Widget-C,735,8.2,0.037,2629,42,4.9,7.896599999999999,5804.000999999999,205.8,3601.5000000000005,1996.7009999999987,34.40214775979534,2025-09-01
2025-09-22,Widget-A,1093,7.5,0.0,2426,32,4.2,7.5,8197.5,134.4,4590.6,3472.5,42.360475754803296,2025-09-01
2025-09-22,Widget-B,754,9.0,0.071,2335,32,5.599999999999999,8.361,6304.194,179.19999999999996,4222.399999999999,1902.5940000000019,30.17981362883188,2025-09-01
2025-09-22,Widget-C,581,8.2,0.031,2431,27,4.9,7.945799999999999,4616.5098,132.3,2846.9,1637.3097999999995,35.4663993131781,2025-09-01
2025-09-23,Widget-A,864,7.5,0.099,1937,34,4.2,6.7575,5838.4800000000005,142.8,3628.8,2066.88,35.40099477946315,2025-09-01
2025-09-23,Widget-B,561,9.0,0.003,2763,32,5.599999999999999,8.973,5033.853,179.19999999999996,3141.5999999999995,1713.0530000000008,34.03065206711441,2025-09-01
2025-09-23,Widget-C,895,8.2,0.096,3149,32,4.9,7.4128,6634.456,156.8,4385.5,2092.156,31.534703071359584,2025-09-01
2025-09-24,Widget-A,749,7.5,0.0,3244,40,4.2,7.5,5617.5,168.0,3145.8,2303.7,41.00934579439252,2025-09-01
2025-09-24,Widget-B,917,9.0,0.044,2347,35,5.599999999999999,8.604,7889.8679999999995,195.99999999999994,5135.199999999999,2558.6680000000006,32.42979476969705,2025-09-01
2025-09-24,Widget-C,918,8.2,0.049,2267,39,4.9,7.798199999999999,7158.747599999999,191.10000000000002,4498.200000000001,2469.4475999999977,34.49552544637833,2025-09-01
2025-09-25,Widget-A,743,7.5,0.036,2732,34,4.2,7.2299999999999995,5371.889999999999,142.8,3120.6,2108.4899999999993,39.25043141240791,2025-09-01
2025-09-25,Widget-B,921,9.0,0.093,2484,22,5.599999999999999,8.163,7518.1230000000005,123.19999999999997,5157.5999999999985,2237.323000000002,29.75906353221412,2025-09-01
2025-09-25,Widget-C,429,8.2,0.022,2555,35,4.9,8.019599999999999,3440.4083999999993,171.5,2102.1000000000004,1166.808399999999,33.91482243794077,2025-09-01
2025-09-26,Widget-A,1066,7.5,0.039,2754,42,4.2,7.2075,7683.195,176.4,4477.2,3029.5950000000003,39.431447464238516,2025-09-01
2025-09-26,Widget-B,495,9.0,0.05,3238,39,5.599999999999999,8.549999999999999,4232.249999999999,218.39999999999995,2771.9999999999995,1241.8499999999995,29.342548289916703,2025-09-01
2025-09-26,Widget-C,733,8.2,0.047,2722,36,4.9,7.814599999999999,5728.1017999999995,176.4,3591.7000000000003,1960.001799999999,34.217300397838585,2025-09-01
2025-09-27,Widget-A,728,7.5,0.041,2469,24,4.2,7.1925,5236.14,100.80000000000001,3057.6,2077.7400000000002,39.68075719900538,2025-09-01
2025-09-27,Widget-B,631,9.0,0.06,2356,32,5.599999999999999,8.459999999999999,5338.259999999999,179.19999999999996,3533.599999999999,1625.4600000000005,30.449247507614853,2025-09-01
2025-09-27,Widget-C,628,8.2,0.041,2373,26,4.9,7.8637999999999995,4938.466399999999,127.4,3077.2000000000003,1733.866399999999,35.10940967422597,2025-09-01
