date,line,product,units_produced,unit_mfg_cost,scrap_units
2025-04-01,L1,Widget-A,1155,4.2,21
2025-04-01,L1,Widget-B,900,5.6,15
2025-04-01,L1,Widget-C,1066,4.9,10
2025-04-01,L2,Widget-A,580,4.2,10
2025-04-01,L2,Widget-B,1130,5.6,20
2025-04-01,L2,Widget-C,404,4.9,7
2025-04-01,L3,Widget-A,495,4.2,5
2025-04-01,L3,Widget-B,774,5.6,7
2025-04-01,L3,Widget-C,975,4.9,11
2025-04-02,L1,Widget-A,603,4.2,8
2025-04-02,L1,Widget-B,866,5.6,17
2025-04-02,L1,Widget-C,842,4.9,14
2025-04-02,L2,Widget-A,960,4.2,19
2025-04-02,L2,Widget-B,897,5.6,7
2025-04-02,L2,Widget-C,1076,4.9,15
2025-04-02,L3,Widget-A,528,4.2,3
2025-04-02,L3,Widget-B,755,5.6,10
2025-04-02,L3,Widget-C,428,4.9,5
2025-04-03,L1,Widget-A,1046,4.2,15
2025-04-03,L1,Widget-B,1133,5.6,14
2025-04-03,L1,Widget-C,613,4.9,5
2025-04-03,L2,Widget-A,797,4.2,4
2025-04-03,L2,Widget-B,477,5.6,7
2025-04-03,L2,Widget-C,553,4.9,4
2025-04-03,L3,Widget-A,976,4.2,5
2025-04-03,L3,Widget-B,695,5.6,12
2025-04-03,L3,Widget-C,930,4.9,8
2025-04-04,L1,Widget-A,523,4.2,10
2025-04-04,L1,Widget-B,548,5.6,10
2025-04-04,L1,Widget-C,807,4.9,12
2025-04-04,L2,Widget-A,433,4.2,3
2025-04-04,L2,Widget-B,993,5.6,13
2025-04-04,L2,Widget-C,981,4.9,18
2025-04-04,L3,Widget-A,806,4.2,8
2025-04-04,L3,Widget-B,914,5.6,5
2025-04-04,L3,Widget-C,878,4.9,9
2025-04-05,L1,Widget-A,878,4.2,6
2025-04-05,L1,Widget-B,658,5.6,11
2025-04-05,L1,Widget-C,720,4.9,14
2025-04-05,L2,Widget-A,703,4.2,10
2025-04-05,L2,Widget-B,751,5.6,11
2025-04-05,L2,Widget-C,884,4.9,13
2025-04-05,L3,Widget-A,1165,4.2,14
2025-04-05,L3,Widget-B,520,5.6,4
2025-04-05,L3,Widget-C,441,4.9,3
2025-04-06,L1,Widget-A,721,4.2,14
2025-04-06,L1,Widget-B,1161,5.6,18
2025-04-06,L1,Widget-C,572,4.9,5
2025-04-06,L2,Widget-A,797,4.2,12
2025-04-06,L2,Widget-B,1099,5.6,8
2025-04-06,L2,Widget-C,1076,4.9,21
2025-04-06,L3,Widget-A,1076,4.2,20
2025-04-06,L3,Widget-B,1168,5.6,8
2025-04-06,L3,Widget-C,855,4.9,7
2025-04-07,L1,Widget-A,1000,4.2,13
2025-04-07,L1,Widget-B,1142,5.6,9
2025-04-07,L1,Widget-C,701,4.9,10
2025-04-07,L2,Widget-A,1107,4.2,15
2025-04-07,L2,Widget-B,448,5.6,5
2025-04-07,L2,Widget-C,701,4.9,6
2025-04-07,L3,Widget-A,970,4.2,18
2025-04-07,L3,Widget-B,430,5.6,5
2025-04-07,L3,Widget-C,1009,4.9,10
2025-04-08,L1,Widget-A,838,4.2,14
2025-04-08,L1,Widget-B,444,5.6,5
2025-04-08,L1,Widget-C,420,4.9,2
2025-04-08,L2,Widget-A,1125,4.2,22
2025-04-08,L2,Widget-B,498,5.6,7
2025-04-08,L2,Widget-C,982,4.9,13
2025-04-08,L3,Widget-A,742,4.2,13
2025-04-08,L3,Widget-B,945,5.6,13
2025-04-08,L3,Widget-C,675,4.9,10
2025-04-09,L1,Widget-A,1091,4.2,14
2025-04-09,L1,Widget-B,684,5.6,11
2025-04-09,L1,Widget-C,1031,4.9,7
2025-04-09,L2,Widget-A,1127,4.2,21
2025-04-09,L2,Widget-B,646,5.6,11
2025-04-09,L2,Widget-C,404,4.9,7
2025-04-09,L3,Widget-A,915,4.2,10
2025-04-09,L3,Widget-B,509,5.6,9
2025-04-09,L3,Widget-C,1176,4.9,17
2025-04-10,L1,Widget-A,411,4.2,7
2025-04-10,L1,Widget-B,1161,5.6,18
2025-04-10,L1,Widget-C,810,4.9,7
2025-04-10,L2,Widget-A,554,4.2,6
2025-04-10,L2,Widget-B,558,5.6,4
2025-04-10,L2,Widget-C,715,4.9,14
2025-04-10,L3,Widget-A,676,4.2,9
2025-04-10,L3,Widget-B,1189,5.6,11
2025-04-10,L3,Widget-C,672,4.9,13
2025-04-11,L1,Widget-A,575,4.2,11
2025-04-11,L1,Widget-B,755,5.6,10
2025-04-11,L1,Widget-C,1160,4.9,21
2025-04-11,L2,Widget-A,816,4.2,13
2025-04-11,L2,Widget-B,861,5.6,10
2025-04-11,L2,Widget-C,864,4.9,16
2025-04-11,L3,Widget-A,699,4.2,13
2025-04-11,L3,Widget-B,729,5.6,4
2025-04-11,L3,Widget-C,598,4.9,8
2025-04-12,L1,Widget-A,743,4.2,14
2025-04-12,L1,Widget-B,996,5.6,17
2025-04-12,L1,Widget-C,600,4.9,9
2025-04-12,L2,Widget-A,648,4.2,9
2025-04-12,L2,Widget-B,973,5.6,19
2025-04-12,L2,Widget-C,638,4.9,7
2025-04-12,L3,Widget-A,666,4.2,5
2025-04-12,L3,Widget-B,535,5.6,4
2025-04-12,L3,Widget-C,440,4.9,8
2025-04-13,L1,Widget-A,1051,4.2,7
2025-04-13,L1,Widget-B,1072,5.6,15
2025-04-13,L1,Widget-C,1127,4.9,16
2025-04-13,L2,Widget-A,783,4.2,12
2025-04-13,L2,Widget-B,700,5.6,14
2025-04-13,L2,Widget-C,645,4.9,8
2025-04-13,L3,Widget-A,587,4.2,9
2025-04-13,L3,Widget-B,902,5.6,7
2025-04-13,L3,Widget-C,987,4.9,11
2025-04-14,L1,Widget-A,449,4.2,7
2025-04-14,L1,Widget-B,959,5.6,15
2025-04-14,L1,Widget-C,1052,4.9,7
2025-04-14,L2,Widget-A,1134,4.2,19
2025-04-14,L2,Widget-B,1130,5.6,21
2025-04-14,L2,Widget-C,1111,4.9,21
2025-04-14,L3,Widget-A,818,4.2,5
2025-04-14,L3,Widget-B,536,5.6,3
2025-04-14,L3,Widget-C,424,4.9,4
2025-04-15,L1,Widget-A,965,4.2,8
2025-04-15,L1,Widget-B,598,5.6,8
2025-04-15,L1,Widget-C,595,4.9,8
2025-04-15,L2,Widget-A,431,4.2,3
2025-04-15,L2,Widget-B,491,5.6,3
2025-04-15,L2,Widget-C,942,4.9,9
2025-04-15,L3,Widget-A,856,4.2,11
2025-04-15,L3,Widget-B,1150,5.6,20
2025-04-15,L3,Widget-C,749,4.9,11
2025-04-16,L1,Widget-A,926,4.2,7
2025-04-16,L1,Widget-B,1009,5.6,6
2025-04-16,L1,Widget-C,859,4.9,15
2025-04-16,L2,Widget-A,774,4.2,14
2025-04-16,L2,Widget-B,1168,5.6,7
2025-04-16,L2,Widget-C,862,4.9,8
2025-04-16,L3,Widget-A,670,4.2,4
2025-04-16,L3,Widget-B,641,5.6,11
2025-04-16,L3,Widget-C,901,4.9,9
2025-04-17,L1,Widget-A,930,4.2,16
2025-04-17,L1,Widget-B,1090,5.6,8
2025-04-17,L1,Widget-C,1062,4.9,19
2025-04-17,L2,Widget-A,1013,4.2,8
2025-04-17,L2,Widget-B,868,5.6,13
2025-04-17,L2,Widget-C,858,4.9,12
2025-04-17,L3,Widget-A,1035,4.2,15
2025-04-17,L3,Widget-B,476,5.6,7
2025-04-17,L3,Widget-C,1130,4.9,19
2025-04-18,L1,Widget-A,1059,4.2,10
2025-04-18,L1,Widget-B,466,5.6,8
2025-04-18,L1,Widget-C,977,4.9,18
2025-04-18,L2,Widget-A,510,4.2,3
2025-04-18,L2,Widget-B,529,5.6,8
2025-04-18,L2,Widget-C,929,4.9,13
2025-04-18,L3,Widget-A,571,4.2,11
2025-04-18,L3,Widget-B,1116,5.6,10
2025-04-18,L3,Widget-C,703,4.9,8
2025-04-19,L1,Widget-A,1194,4.2,8
2025-04-19,L1,Widget-B,925,5.6,10
2025-04-19,L1,Widget-C,1074,4.9,16
2025-04-19,L2,Widget-A,506,4.2,9
2025-04-19,L2,Widget-B,819,5.6,9
2025-04-19,L2,Widget-C,701,4.9,9
2025-04-19,L3,Widget-A,636,4.2,6
2025-04-19,L3,Widget-B,572,5.6,6
2025-04-19,L3,Widget-C,1082,4.9,7
2025-04-20,L1,Widget-A,765,4.2,12
2025-04-20,L1,Widget-B,1018,5.6,10
2025-04-20,L1,Widget-C,863,4.9,5
2025-04-20,L2,Widget-A,559,4.2,4
2025-04-20,L2,Widget-B,1010,5.6,7
2025-04-20,L2,Widget-C,1075,4.9,7
2025-04-20,L3,Widget-A,504,4.2,9
2025-04-20,L3,Widget-B,985,5.6,9
2025-04-20,L3,Widget-C,615,4.9,11
2025-04-21,L1,Widget-A,788,4.2,6
2025-04-21,L1,Widget-B,895,5.6,10
2025-04-21,L1,Widget-C,545,4.9,6
2025-04-21,L2,Widget-A,1107,4.2,17
2025-04-21,L2,Widget-B,762,5.6,12
2025-04-21,L2,Widget-C,477,4.9,8
2025-04-21,L3,Widget-A,827,4.2,12
2025-04-21,L3,Widget-B,1060,5.6,11
2025-04-21,L3,Widget-C,979,4.9,13
2025-04-22,L1,Widget-A,451,4.2,7
2025-04-22,L1,Widget-B,1052,5.6,9
2025-04-22,L1,Widget-C,552,4.9,7
2025-04-22,L2,Widget-A,568,4.2,10
2025-04-22,L2,Widget-B,998,5.6,7
2025-04-22,L2,Widget-C,1110,4.9,19
2025-04-22,L3,Widget-A,547,4.2,8
2025-04-22,L3,Widget-B,503,5.6,10
2025-04-22,L3,Widget-C,976,4.9,19
2025-04-23,L1,Widget-A,1034,4.2,17
2025-04-23,L1,Widget-B,1074,5.6,12
2025-04-23,L1,Widget-C,649,4.9,5
2025-04-23,L2,Widget-A,912,4.2,15
2025-04-23,L2,Widget-B,872,5.6,14
2025-04-23,L2,Widget-C,1006,4.9,12
2025-04-23,L3,Widget-A,517,4.2,6
2025-04-23,L3,Widget-B,702,5.6,4
2025-04-23,L3,Widget-C,673,4.9,9
2025-04-24,L1,Widget-A,1075,4.2,12
2025-04-24,L1,Widget-B,1175,5.6,19
2025-04-24,L1,Widget-C,838,4.9,9
2025-04-24,L2,Widget-A,425,4.2,8
2025-04-24,L2,Widget-B,1064,5.6,12
2025-04-24,L2,Widget-C,1034,4.9,17
2025-04-24,L3,Widget-A,510,4.2,10
2025-04-24,L3,Widget-B,502,5.6,8
2025-04-24,L3,Widget-C,518,4.9,9
2025-04-25,L1,Widget-A,699,4.2,5
2025-04-25,L1,Widget-B,1136,5.6,7
2025-04-25,L1,Widget-C,942,4.9,6
2025-04-25,L2,Widget-A,1190,4.2,9
2025-04-25,L2,Widget-B,827,5.6,10
2025-04-25,L2,Widget-C,859,4.9,14
2025-04-25,L3,Widget-A,1083,4.2,20
2025-04-25,L3,Widget-B,552,5.6,5
2025-04-25,L3,Widget-C,1076,4.9,6
2025-04-26,L1,Widget-A,1015,4.2,12
2025-04-26,L1,Widget-B,522,5.6,5
2025-04-26,L1,Widget-C,426,4.9,4
2025-04-26,L2,Widget-A,757,4.2,9
2025-04-26,L2,Widget-B,975,5.6,6
2025-04-26,L2,Widget-C,1151,4.9,21
2025-04-26,L3,Widget-A,1196,4.2,22
2025-04-26,L3,Widget-B,928,5.6,10
2025-04-26,L3,Widget-C,597,4.9,5
2025-04-27,L1,Widget-A,811,4.2,4
2025-04-27,L1,Widget-B,499,5.6,6
2025-04-27,L1,Widget-C,1073,4.9,8
2025-04-27,L2,Widget-A,498,4.2,9
2025-04-27,L2,Widget-B,885,5.6,7
2025-04-27,L2,Widget-C,787,4.9,12
2025-04-27,L3,Widget-A,1083,4.2,14
2025-04-27,L3,Widget-B,612,5.6,6
2025-04-27,L3,Widget-C,1059,4.9,15
2025-04-28,L1,Widget-A,812,4.2,11
2025-04-28,L1,Widget-B,1195,5.6,20
2025-04-28,L1,Widget-C,716,4.9,13
2025-04-28,L2,Widget-A,706,4.2,5
2025-04-28,L2,Widget-B,543,5.6,4
2025-04-28,L2,Widget-C,835,4.9,16
2025-04-28,L3,Widget-A,1183,4.2,10
2025-04-28,L3,Widget-B,942,5.6,8
2025-04-28,L3,Widget-C,1175,4.9,15
2025-04-29,L1,Widget-A,753,4.2,14
2025-04-29,L1,Widget-B,797,5.6,4
2025-04-29,L1,Widget-C,1010,4.9,14
2025-04-29,L2,Widget-A,652,4.2,4
2025-04-29,L2,Widget-B,811,5.6,10
2025-04-29,L2,Widget-C,589,4.9,11
2025-04-29,L3,Widget-A,480,4.2,8
2025-04-29,L3,Widget-B,1008,5.6,17
2025-04-29,L3,Widget-C,1066,4.9,19
2025-04-30,L1,Widget-A,966,4.2,15
2025-04-30,L1,Widget-B,1178,5.6,11
2025-04-30,L1,Widget-C,988,4.9,7
2025-04-30,L2,Widget-A,464,4.2,3
2025-04-30,L2,Widget-B,1005,5.6,19
2025-04-30,L2,Widget-C,1069,4.9,11
2025-04-30,L3,Widget-A,877,4.2,17
2025-04-30,L3,Widget-B,874,5.6,11
2025-04-30,L3,Widget-C,524,4.9,3
2025-05-01,L1,Widget-A,536,4.2,7
2025-05-01,L1,Widget-B,1172,5.6,20
2025-05-01,L1,Widget-C,480,4.9,8
2025-05-01,L2,Widget-A,625,4.2,10
2025-05-01,L2,Widget-B,1040,5.6,20
2025-05-01,L2,Widget-C,914,4.9,11
2025-05-01,L3,Widget-A,580,4.2,9
2025-05-01,L3,Widget-B,732,5.6,13
2025-05-01,L3,Widget-C,975,4.9,15
2025-05-02,L1,Widget-A,668,4.2,5
2025-05-02,L1,Widget-B,434,5.6,7
2025-05-02,L1,Widget-C,841,4.9,5
2025-05-02,L2,Widget-A,988,4.2,5
2025-05-02,L2,Widget-B,982,5.6,19
2025-05-02,L2,Widget-C,1010,4.9,11
2025-05-02,L3,Widget-A,774,4.2,12
2025-05-02,L3,Widget-B,830,5.6,13
2025-05-02,L3,Widget-C,818,4.9,5
2025-05-03,L1,Widget-A,1161,4.2,16
2025-05-03,L1,Widget-B,850,5.6,16
2025-05-03,L1,Widget-C,903,4.9,11
2025-05-03,L2,Widget-A,431,4.2,6
2025-05-03,L2,Widget-B,455,5.6,3
2025-05-03,L2,Widget-C,840,4.9,12
2025-05-03,L3,Widget-A,659,4.2,5
2025-05-03,L3,Widget-B,577,5.6,10
2025-05-03,L3,Widget-C,810,4.9,10
2025-05-04,L1,Widget-A,558,4.2,9
2025-05-04,L1,Widget-B,1146,5.6,15
2025-05-04,L1,Widget-C,965,4.9,17
2025-05-04,L2,Widget-A,523,4.2,7
2025-05-04,L2,Widget-B,772,5.6,13
2025-05-04,L2,Widget-C,693,4.9,10
2025-05-04,L3,Widget-A,942,4.2,10
2025-05-04,L3,Widget-B,480,5.6,5
2025-05-04,L3,Widget-C,846,4.9,14
2025-05-05,L1,Widget-A,1138,4.2,14
2025-05-05,L1,Widget-B,704,5.6,11
2025-05-05,L1,Widget-C,1104,4.9,11
2025-05-05,L2,Widget-A,802,4.2,14
2025-05-05,L2,Widget-B,1040,5.6,18
2025-05-05,L2,Widget-C,704,4.9,12
2025-05-05,L3,Widget-A,1169,4.2,18
2025-05-05,L3,Widget-B,757,5.6,4
2025-05-05,L3,Widget-C,964,4.9,17
2025-05-06,L1,Widget-A,711,4.2,10
2025-05-06,L1,Widget-B,794,5.6,12
2025-05-06,L1,Widget-C,846,4.9,13
2025-05-06,L2,Widget-A,600,4.2,7
2025-05-06,L2,Widget-B,866,5.6,7
2025-05-06,L2,Widget-C,674,4.9,6
2025-05-06,L3,Widget-A,634,4.2,7
2025-05-06,L3,Widget-B,854,5.6,9
2025-05-06,L3,Widget-C,1199,4.9,14
2025-05-07,L1,Widget-A,1141,4.2,16
2025-05-07,L1,Widget-B,697,5.6,13
2025-05-07,L1,Widget-C,624,4.9,7
2025-05-07,L2,Widget-A,1111,4.2,10
2025-05-07,L2,Widget-B,653,5.6,8
2025-05-07,L2,Widget-C,1107,4.9,17
2025-05-07,L3,Widget-A,504,4.2,9
2025-05-07,L3,Widget-B,458,5.6,4
2025-05-07,L3,Widget-C,832,4.9,7
2025-05-08,L1,Widget-A,795,4.2,9
2025-05-08,L1,Widget-B,622,5.6,11
2025-05-08,L1,Widget-C,1062,4.9,13
2025-05-08,L2,Widget-A,1048,4.2,12
2025-05-08,L2,Widget-B,1014,5.6,11
2025-05-08,L2,Widget-C,927,4.9,7
2025-05-08,L3,Widget-A,836,4.2,8
2025-05-08,L3,Widget-B,813,5.6,13
2025-05-08,L3,Widget-C,965,4.9,6
2025-05-09,L1,Widget-A,544,4.2,9
2025-05-09,L1,Widget-B,986,5.6,12
2025-05-09,L1,Widget-C,595,4.9,9
2025-05-09,L2,Widget-A,449,4.2,4
2025-05-09,L2,Widget-B,690,5.6,7
2025-05-09,L2,Widget-C,914,4.9,13
2025-05-09,L3,Widget-A,1112,4.2,14
2025-05-09,L3,Widget-B,606,5.6,8
2025-05-09,L3,Widget-C,1108,4.9,9
2025-05-10,L1,Widget-A,904,4.2,18
2025-05-10,L1,Widget-B,676,5.6,6
2025-05-10,L1,Widget-C,631,4.9,6
2025-05-10,L2,Widget-A,717,4.2,8
2025-05-10,L2,Widget-B,453,5.6,8
2025-05-10,L2,Widget-C,707,4.9,6
2025-05-10,L3,Widget-A,967,4.2,7
2025-05-10,L3,Widget-B,436,5.6,7
2025-05-10,L3,Widget-C,657,4.9,8
2025-05-11,L1,Widget-A,1013,4.2,15
2025-05-11,L1,Widget-B,1138,5.6,16
2025-05-11,L1,Widget-C,1042,4.9,17
2025-05-11,L2,Widget-A,1014,4.2,10
2025-05-11,L2,Widget-B,574,5.6,7
2025-05-11,L2,Widget-C,605,4.9,7
2025-05-11,L3,Widget-A,455,4.2,5
2025-05-11,L3,Widget-B,513,5.6,7
2025-05-11,L3,Widget-C,797,4.9,6
2025-05-12,L1,Widget-A,508,4.2,4
2025-05-12,L1,Widget-B,1154,5.6,22
2025-05-12,L1,Widget-C,626,4.9,3
2025-05-12,L2,Widget-A,410,4.2,3
2025-05-12,L2,Widget-B,546,5.6,7
2025-05-12,L2,Widget-C,1078,4.9,13
2025-05-12,L3,Widget-A,412,4.2,3
2025-05-12,L3,Widget-B,419,5.6,7
2025-05-12,L3,Widget-C,615,4.9,5
2025-05-13,L1,Widget-A,759,4.2,8
2025-05-13,L1,Widget-B,893,5.6,10
2025-05-13,L1,Widget-C,776,4.9,6
2025-05-13,L2,Widget-A,1053,4.2,20
2025-05-13,L2,Widget-B,569,5.6,9
2025-05-13,L2,Widget-C,1114,4.9,6
2025-05-13,L3,Widget-A,421,4.2,6
2025-05-13,L3,Widget-B,930,5.6,15
2025-05-13,L3,Widget-C,1156,4.9,22
2025-05-14,L1,Widget-A,571,4.2,10
2025-05-14,L1,Widget-B,515,5.6,5
2025-05-14,L1,Widget-C,491,4.9,3
2025-05-14,L2,Widget-A,1083,4.2,20
2025-05-14,L2,Widget-B,1064,5.6,21
2025-05-14,L2,Widget-C,700,4.9,10
2025-05-14,L3,Widget-A,889,4.2,13
2025-05-14,L3,Widget-B,709,5.6,14
2025-05-14,L3,Widget-C,856,4.9,12
2025-05-15,L1,Widget-A,1013,4.2,13
2025-05-15,L1,Widget-B,668,5.6,4
2025-05-15,L1,Widget-C,716,4.9,11
2025-05-15,L2,Widget-A,979,4.2,11
2025-05-15,L2,Widget-B,980,5.6,16
2025-05-15,L2,Widget-C,1081,4.9,11
2025-05-15,L3,Widget-A,822,4.2,6
2025-05-15,L3,Widget-B,461,5.6,4
2025-05-15,L3,Widget-C,616,4.9,7
2025-05-16,L1,Widget-A,643,4.2,12
2025-05-16,L1,Widget-B,411,5.6,8
2025-05-16,L1,Widget-C,622,4.9,9
2025-05-16,L2,Widget-A,702,4.2,8
2025-05-16,L2,Widget-B,1082,5.6,5
2025-05-16,L2,Widget-C,473,4.9,4
2025-05-16,L3,Widget-A,1029,4.2,7
2025-05-16,L3,Widget-B,446,5.6,7
2025-05-16,L3,Widget-C,1039,4.9,9
2025-05-17,L1,Widget-A,583,4.2,11
2025-05-17,L1,Widget-B,614,5.6,6
2025-05-17,L1,Widget-C,973,4.9,7
2025-05-17,L2,Widget-A,961,4.2,17
2025-05-17,L2,Widget-B,812,5.6,10
2025-05-17,L2,Widget-C,494,4.9,3
2025-05-17,L3,Widget-A,857,4.2,15
2025-05-17,L3,Widget-B,840,5.6,5
2025-05-17,L3,Widget-C,556,4.9,9
2025-05-18,L1,Widget-A,619,4.2,9
2025-05-18,L1,Widget-B,1127,5.6,16
2025-05-18,L1,Widget-C,650,4.9,8
2025-05-18,L2,Widget-A,964,4.2,9
2025-05-18,L2,Widget-B,1089,5.6,18
2025-05-18,L2,Widget-C,1149,4.9,19
2025-05-18,L3,Widget-A,908,4.2,10
2025-05-18,L3,Widget-B,791,5.6,12
2025-05-18,L3,Widget-C,979,4.9,11
2025-05-19,L1,Widget-A,497,4.2,10
2025-05-19,L1,Widget-B,421,5.6,7
2025-05-19,L1,Widget-C,583,4.9,9
2025-05-19,L2,Widget-A,563,4.2,5
2025-05-19,L2,Widget-B,1089,5.6,19
2025-05-19,L2,Widget-C,775,4.9,9
2025-05-19,L3,Widget-A,705,4.2,7
2025-05-19,L3,Widget-B,630,5.6,4
2025-05-19,L3,Widget-C,1066,4.9,10
2025-05-20,L1,Widget-A,575,4.2,4
2025-05-20,L1,Widget-B,965,5.6,12
2025-05-20,L1,Widget-C,450,4.9,4
2025-05-20,L2,Widget-A,685,4.2,13
2025-05-20,L2,Widget-B,991,5.6,9
2025-05-20,L2,Widget-C,461,4.9,6
2025-05-20,L3,Widget-A,857,4.2,5
2025-05-20,L3,Widget-B,714,5.6,13
2025-05-20,L3,Widget-C,499,4.9,6
2025-05-21,L1,Widget-A,1041,4.2,6
2025-05-21,L1,Widget-B,1043,5.6,15
2025-05-21,L1,Widget-C,758,4.9,14
2025-05-21,L2,Widget-A,1092,4.2,6
2025-05-21,L2,Widget-B,791,5.6,8
2025-05-21,L2,Widget-C,817,4.9,13
2025-05-21,L3,Widget-A,1005,4.2,9
2025-05-21,L3,Widget-B,458,5.6,8
2025-05-21,L3,Widget-C,743,4.9,9
2025-05-22,L1,Widget-A,775,4.2,15
2025-05-22,L1,Widget-B,1180,5.6,7
2025-05-22,L1,Widget-C,655,4.9,7
2025-05-22,L2,Widget-A,410,4.2,3
2025-05-22,L2,Widget-B,522,5.6,7
2025-05-22,L2,Widget-C,587,4.9,8
2025-05-22,L3,Widget-A,1162,4.2,17
2025-05-22,L3,Widget-B,1025,5.6,14
2025-05-22,L3,Widget-C,658,4.9,11
2025-05-23,L1,Widget-A,1011,4.2,17
2025-05-23,L1,Widget-B,871,5.6,12
2025-05-23,L1,Widget-C,751,4.9,10
2025-05-23,L2,Widget-A,558,4.2,7
2025-05-23,L2,Widget-B,545,5.6,8
2025-05-23,L2,Widget-C,532,4.9,9
2025-05-23,L3,Widget-A,863,4.2,11
2025-05-23,L3,Widget-B,508,5.6,8
2025-05-23,L3,Widget-C,653,4.9,6
2025-05-24,L1,Widget-A,722,4.2,8
2025-05-24,L1,Widget-B,957,5.6,15
2025-05-24,L1,Widget-C,833,4.9,11
2025-05-24,L2,Widget-A,517,4.2,9
2025-05-24,L2,Widget-B,485,5.6,9
2025-05-24,L2,Widget-C,885,4.9,8
2025-05-24,L3,Widget-A,481,4.2,4
2025-05-24,L3,Widget-B,882,5.6,16
2025-05-24,L3,Widget-C,1079,4.9,6
2025-05-25,L1,Widget-A,826,4.2,7
2025-05-25,L1,Widget-B,665,5.6,8
2025-05-25,L1,Widget-C,798,4.9,5
2025-05-25,L2,Widget-A,1137,4.2,9
2025-05-25,L2,Widget-B,525,5.6,7
2025-05-25,L2,Widget-C,789,4.9,13
2025-05-25,L3,Widget-A,781,4.2,6
2025-05-25,L3,Widget-B,750,5.6,8
2025-05-25,L3,Widget-C,870,4.9,14
2025-05-26,L1,Widget-A,1185,4.2,8
2025-05-26,L1,Widget-B,752,5.6,7
2025-05-26,L1,Widget-C,1046,4.9,17
2025-05-26,L2,Widget-A,600,4.2,11
2025-05-26,L2,Widget-B,410,5.6,3
2025-05-26,L2,Widget-C,785,4.9,12
2025-05-26,L3,Widget-A,764,4.2,10
2025-05-26,L3,Widget-B,792,5.6,6
2025-05-26,L3,Widget-C,532,4.9,5
2025-05-27,L1,Widget-A,1176,4.2,10
2025-05-27,L1,Widget-B,441,5.6,3
2025-05-27,L1,Widget-C,888,4.9,9
2025-05-27,L2,Widget-A,771,4.2,11
2025-05-27,L2,Widget-B,986,5.6,5
2025-05-27,L2,Widget-C,624,4.9,6
2025-05-27,L3,Widget-A,1045,4.2,9
2025-05-27,L3,Widget-B,1004,5.6,11
2025-05-27,L3,Widget-C,741,4.9,8
2025-05-28,L1,Widget-A,1003,4.2,18
2025-05-28,L1,Widget-B,829,5.6,8
2025-05-28,L1,Widget-C,1134,4.9,18
2025-05-28,L2,Widget-A,796,4.2,6
2025-05-28,L2,Widget-B,602,5.6,7
2025-05-28,L2,Widget-C,640,4.9,12
2025-05-28,L3,Widget-A,881,4.2,6
2025-05-28,L3,Widget-B,734,5.6,9
2025-05-28,L3,Widget-C,969,4.9,7
2025-05-29,L1,Widget-A,674,4.2,10
2025-05-29,L1,Widget-B,1178,5.6,8
2025-05-29,L1,Widget-C,527,4.9,3
2025-05-29,L2,Widget-A,1124,4.2,7
2025-05-29,L2,Widget-B,1055,5.6,20
2025-05-29,L2,Widget-C,665,4.9,4
2025-05-29,L3,Widget-A,711,4.2,10
2025-05-29,L3,Widget-B,1134,5.6,7
2025-05-29,L3,Widget-C,793,4.9,9
2025-05-30,L1,Widget-A,854,4.2,11
2025-05-30,L1,Widget-B,746,5.6,11
2025-05-30,L1,Widget-C,989,4.9,20
2025-05-30,L2,Widget-A,881,4.2,15
2025-05-30,L2,Widget-B,525,5.6,6
2025-05-30,L2,Widget-C,932,4.9,17
2025-05-30,L3,Widget-A,1026,4.2,20
2025-05-30,L3,Widget-B,790,5.6,9
2025-05-30,L3,Widget-C,612,4.9,12
2025-05-31,L1,Widget-A,798,4.2,8
2025-05-31,L1,Widget-B,1156,5.6,22
2025-05-31,L1,Widget-C,926,4.9,10
2025-05-31,L2,Widget-A,724,4.2,12
2025-05-31,L2,Widget-B,467,5.6,5
2025-05-31,L2,Widget-C,776,4.9,8
2025-05-31,L3,Widget-A,498,4.2,4
2025-05-31,L3,Widget-B,746,5.6,4
2025-05-31,L3,Widget-C,1065,4.9,14
2025-06-01,L1,Widget-A,1003,4.2,15
2025-06-01,L1,Widget-B,699,5.6,6
2025-06-01,L1,Widget-C,1041,4.9,9
2025-06-01,L2,Widget-A,801,4.2,8
2025-06-01,L2,Widget-B,622,5.6,10
2025-06-01,L2,Widget-C,950,4.9,9
2025-06-01,L3,Widget-A,699,4.2,10
2025-06-01,L3,Widget-B,1026,5.6,7
2025-06-01,L3,Widget-C,549,4.9,8
2025-06-02,L1,Widget-A,526,4.2,5
2025-06-02,L1,Widget-B,1005,5.6,15
2025-06-02,L1,Widget-C,926,4.9,10
2025-06-02,L2,Widget-A,427,4.2,6
2025-06-02,L2,Widget-B,1148,5.6,12
2025-06-02,L2,Widget-C,602,4.9,9
2025-06-02,L3,Widget-A,1001,4.2,7
2025-06-02,L3,Widget-B,871,5.6,14
2025-06-02,L3,Widget-C,547,4.9,11
2025-06-03,L1,Widget-A,464,4.2,4
2025-06-03,L1,Widget-B,980,5.6,8
2025-06-03,L1,Widget-C,602,4.9,12
2025-06-03,L2,Widget-A,878,4.2,12
2025-06-03,L2,Widget-B,629,5.6,12
2025-06-03,L2,Widget-C,782,4.9,4
2025-06-03,L3,Widget-A,1160,4.2,15
2025-06-03,L3,Widget-B,1105,5.6,17
2025-06-03,L3,Widget-C,881,4.9,9
2025-06-04,L1,Widget-A,870,4.2,4
2025-06-04,L1,Widget-B,662,5.6,4
2025-06-04,L1,Widget-C,975,4.9,6
2025-06-04,L2,Widget-A,840,4.2,7
2025-06-04,L2,Widget-B,1073,5.6,6
2025-06-04,L2,Widget-C,666,4.9,4
2025-06-04,L3,Widget-A,578,4.2,7
2025-06-04,L3,Widget-B,1141,5.6,9
2025-06-04,L3,Widget-C,869,4.9,4
2025-06-05,L1,Widget-A,966,4.2,8
2025-06-05,L1,Widget-B,709,5.6,13
2025-06-05,L1,Widget-C,1168,4.9,17
2025-06-05,L2,Widget-A,1141,4.2,11
2025-06-05,L2,Widget-B,474,5.6,3
2025-06-05,L2,Widget-C,1070,4.9,6
2025-06-05,L3,Widget-A,575,4.2,4
2025-06-05,L3,Widget-B,942,5.6,6
2025-06-05,L3,Widget-C,906,4.9,7
2025-06-06,L1,Widget-A,972,4.2,10
2025-06-06,L1,Widget-B,1122,5.6,11
2025-06-06,L1,Widget-C,545,4.9,9
2025-06-06,L2,Widget-A,469,4.2,7
2025-06-06,L2,Widget-B,492,5.6,7
2025-06-06,L2,Widget-C,837,4.9,5
2025-06-06,L3,Widget-A,1188,4.2,16
2025-06-06,L3,Widget-B,608,5.6,12
2025-06-06,L3,Widget-C,994,4.9,15
2025-06-07,L1,Widget-A,1053,4.2,13
2025-06-07,L1,Widget-B,564,5.6,10
2025-06-07,L1,Widget-C,412,4.9,2
2025-06-07,L2,Widget-A,511,4.2,8
2025-06-07,L2,Widget-B,503,5.6,9
2025-06-07,L2,Widget-C,1166,4.9,14
2025-06-07,L3,Widget-A,1029,4.2,8
2025-06-07,L3,Widget-B,949,5.6,17
2025-06-07,L3,Widget-C,428,4.9,8
2025-06-08,L1,Widget-A,1071,4.2,19
2025-06-08,L1,Widget-B,595,5.6,7
2025-06-08,L1,Widget-C,1125,4.9,14
2025-06-08,L2,Widget-A,649,4.2,3
2025-06-08,L2,Widget-B,974,5.6,8
2025-06-08,L2,Widget-C,754,4.9,12
2025-06-08,L3,Widget-A,958,4.2,17
2025-06-08,L3,Widget-B,802,5.6,15
2025-06-08,L3,Widget-C,1194,4.9,11
2025-06-09,L1,Widget-A,653,4.2,12
2025-06-09,L1,Widget-B,751,5.6,5
2025-06-09,L1,Widget-C,803,4.9,5
2025-06-09,L2,Widget-A,719,4.2,10
2025-06-09,L2,Widget-B,1192,5.6,7
2025-06-09,L2,Widget-C,924,4.9,12
2025-06-09,L3,Widget-A,809,4.2,9
2025-06-09,L3,Widget-B,1137,5.6,22
2025-06-09,L3,Widget-C,1161,4.9,8
2025-06-10,L1,Widget-A,919,4.2,10
2025-06-10,L1,Widget-B,521,5.6,9
2025-06-10,L1,Widget-C,1114,4.9,18
2025-06-10,L2,Widget-A,899,4.2,12
2025-06-10,L2,Widget-B,494,5.6,9
2025-06-10,L2,Widget-C,568,4.9,3
2025-06-10,L3,Widget-A,746,4.2,6
2025-06-10,L3,Widget-B,958,5.6,12
2025-06-10,L3,Widget-C,790,4.9,10
2025-06-11,L1,Widget-A,1180,4.2,7
2025-06-11,L1,Widget-B,714,5.6,11
2025-06-11,L1,Widget-C,743,4.9,4
2025-06-11,L2,Widget-A,828,4.2,4
2025-06-11,L2,Widget-B,602,5.6,8
2025-06-11,L2,Widget-C,984,4.9,12
2025-06-11,L3,Widget-A,705,4.2,7
2025-06-11,L3,Widget-B,1085,5.6,8
2025-06-11,L3,Widget-C,925,4.9,17
2025-06-12,L1,Widget-A,595,4.2,7
2025-06-12,L1,Widget-B,1168,5.6,14
2025-06-12,L1,Widget-C,925,4.9,9
2025-06-12,L2,Widget-A,1087,4.2,19
2025-06-12,L2,Widget-B,865,5.6,14
2025-06-12,L2,Widget-C,629,4.9,6
2025-06-12,L3,Widget-A,850,4.2,16
2025-06-12,L3,Widget-B,882,5.6,5
2025-06-12,L3,Widget-C,616,4.9,8
2025-06-13,L1,Widget-A,1045,4.2,11
2025-06-13,L1,Widget-B,1153,5.6,7
2025-06-13,L1,Widget-C,680,4.9,6
2025-06-13,L2,Widget-A,737,4.2,5
2025-06-13,L2,Widget-B,898,5.6,14
2025-06-13,L2,Widget-C,449,4.9,9
2025-06-13,L3,Widget-A,1169,4.2,21
2025-06-13,L3,Widget-B,915,5.6,7
2025-06-13,L3,Widget-C,1045,4.9,20
2025-06-14,L1,Widget-A,746,4.2,13
2025-06-14,L1,Widget-B,562,5.6,10
2025-06-14,L1,Widget-C,451,4.9,6
2025-06-14,L2,Widget-A,897,4.2,7
2025-06-14,L2,Widget-B,439,5.6,4
2025-06-14,L2,Widget-C,815,4.9,6
2025-06-14,L3,Widget-A,675,4.2,11
2025-06-14,L3,Widget-B,502,5.6,9
2025-06-14,L3,Widget-C,983,4.9,5
2025-06-15,L1,Widget-A,513,4.2,5
2025-06-15,L1,Widget-B,995,5.6,8
2025-06-15,L1,Widget-C,507,4.9,7
2025-06-15,L2,Widget-A,600,4.2,7
2025-06-15,L2,Widget-B,737,5.6,6
2025-06-15,L2,Widget-C,1169,4.9,11
2025-06-15,L3,Widget-A,931,4.2,10
2025-06-15,L3,Widget-B,1153,5.6,21
2025-06-15,L3,Widget-C,770,4.9,7
2025-06-16,L1,Widget-A,746,4.2,7
2025-06-16,L1,Widget-B,974,5.6,18
2025-06-16,L1,Widget-C,772,4.9,10
2025-06-16,L2,Widget-A,715,4.2,13
2025-06-16,L2,Widget-B,887,5.6,6
2025-06-16,L2,Widget-C,938,4.9,7
2025-06-16,L3,Widget-A,409,4.2,2
2025-06-16,L3,Widget-B,1192,5.6,11
2025-06-16,L3,Widget-C,733,4.9,4
2025-06-17,L1,Widget-A,1167,4.2,9
2025-06-17,L1,Widget-B,657,5.6,4
2025-06-17,L1,Widget-C,570,4.9,7
2025-06-17,L2,Widget-A,841,4.2,8
2025-06-17,L2,Widget-B,873,5.6,6
2025-06-17,L2,Widget-C,1048,4.9,18
2025-06-17,L3,Widget-A,1048,4.2,14
2025-06-17,L3,Widget-B,772,5.6,10
2025-06-17,L3,Widget-C,510,4.9,7
2025-06-18,L1,Widget-A,657,4.2,12
2025-06-18,L1,Widget-B,742,5.6,8
2025-06-18,L1,Widget-C,1050,4.9,7
2025-06-18,L2,Widget-A,808,4.2,11
2025-06-18,L2,Widget-B,569,5.6,9
2025-06-18,L2,Widget-C,1013,4.9,9
2025-06-18,L3,Widget-A,1048,4.2,17
2025-06-18,L3,Widget-B,1193,5.6,14
2025-06-18,L3,Widget-C,1044,4.9,17
2025-06-19,L1,Widget-A,731,4.2,6
2025-06-19,L1,Widget-B,1062,5.6,17
2025-06-19,L1,Widget-C,911,4.9,12
2025-06-19,L2,Widget-A,708,4.2,9
2025-06-19,L2,Widget-B,1098,5.6,13
2025-06-19,L2,Widget-C,1149,4.9,22
2025-06-19,L3,Widget-A,627,4.2,6
2025-06-19,L3,Widget-B,1035,5.6,12
2025-06-19,L3,Widget-C,956,4.9,18
2025-06-20,L1,Widget-A,1130,4.2,6
2025-06-20,L1,Widget-B,1158,5.6,23
2025-06-20,L1,Widget-C,733,4.9,4
2025-06-20,L2,Widget-A,883,4.2,11
2025-06-20,L2,Widget-B,643,5.6,9
2025-06-20,L2,Widget-C,439,4.9,3
2025-06-20,L3,Widget-A,824,4.2,8
2025-06-20,L3,Widget-B,694,5.6,10
2025-06-20,L3,Widget-C,540,4.9,10
2025-06-21,L1,Widget-A,1057,4.2,10
2025-06-21,L1,Widget-B,953,5.6,5
2025-06-21,L1,Widget-C,855,4.9,9
2025-06-21,L2,Widget-A,454,4.2,3
2025-06-21,L2,Widget-B,1168,5.6,21
2025-06-21,L2,Widget-C,999,4.9,9
2025-06-21,L3,Widget-A,922,4.2,15
2025-06-21,L3,Widget-B,1044,5.6,19
2025-06-21,L3,Widget-C,631,4.9,4
2025-06-22,L1,Widget-A,604,4.2,10
2025-06-22,L1,Widget-B,495,5.6,6
2025-06-22,L1,Widget-C,566,4.9,7
2025-06-22,L2,Widget-A,517,4.2,5
2025-06-22,L2,Widget-B,943,5.6,15
2025-06-22,L2,Widget-C,839,4.9,15
2025-06-22,L3,Widget-A,877,4.2,12
2025-06-22,L3,Widget-B,447,5.6,9
2025-06-22,L3,Widget-C,426,4.9,7
2025-06-23,L1,Widget-A,767,4.2,5
2025-06-23,L1,Widget-B,633,5.6,9
2025-06-23,L1,Widget-C,1098,4.9,20
2025-06-23,L2,Widget-A,995,4.2,18
2025-06-23,L2,Widget-B,1029,5.6,6
2025-06-23,L2,Widget-C,476,4.9,4
2025-06-23,L3,Widget-A,972,4.2,9
2025-06-23,L3,Widget-B,1113,5.6,15
2025-06-23,L3,Widget-C,659,4.9,10
2025-06-24,L1,Widget-A,564,4.2,3
2025-06-24,L1,Widget-B,1145,5.6,9
2025-06-24,L1,Widget-C,758,4.9,13
2025-06-24,L2,Widget-A,689,4.2,9
2025-06-24,L2,Widget-B,713,5.6,12
2025-06-24,L2,Widget-C,809,4.9,12
2025-06-24,L3,Widget-A,1016,4.2,6
2025-06-24,L3,Widget-B,631,5.6,8
2025-06-24,L3,Widget-C,730,4.9,10
2025-06-25,L1,Widget-A,1104,4.2,6
2025-06-25,L1,Widget-B,551,5.6,6
2025-06-25,L1,Widget-C,752,4.9,10
2025-06-25,L2,Widget-A,712,4.2,14
2025-06-25,L2,Widget-B,869,5.6,9
2025-06-25,L2,Widget-C,754,4.9,11
2025-06-25,L3,Widget-A,726,4.2,13
2025-06-25,L3,Widget-B,533,5.6,6
2025-06-25,L3,Widget-C,964,4.9,17
2025-06-26,L1,Widget-A,483,4.2,9
2025-06-26,L1,Widget-B,788,5.6,7
2025-06-26,L1,Widget-C,451,4.9,8
2025-06-26,L2,Widget-A,501,4.2,5
2025-06-26,L2,Widget-B,671,5.6,9
2025-06-26,L2,Widget-C,1077,4.9,14
2025-06-26,L3,Widget-A,1068,4.2,18
2025-06-26,L3,Widget-B,469,5.6,3
2025-06-26,L3,Widget-C,765,4.9,14
2025-06-27,L1,Widget-A,1172,4.2,11
2025-06-27,L1,Widget-B,523,5.6,10
2025-06-27,L1,Widget-C,502,4.9,6
2025-06-27,L2,Widget-A,776,4.2,10
2025-06-27,L2,Widget-B,499,5.6,4
2025-06-27,L2,Widget-C,1090,4.9,16
2025-06-27,L3,Widget-A,726,4.2,14
2025-06-27,L3,Widget-B,841,5.6,6
2025-06-27,L3,Widget-C,1040,4.9,13
2025-06-28,L1,Widget-A,1033,4.2,20
2025-06-28,L1,Widget-B,793,5.6,5
2025-06-28,L1,Widget-C,1175,4.9,22
2025-06-28,L2,Widget-A,808,4.2,9
2025-06-28,L2,Widget-B,1066,5.6,14
2025-06-28,L2,Widget-C,609,4.9,6
2025-06-28,L3,Widget-A,500,4.2,3
2025-06-28,L3,Widget-B,1141,5.6,9
2025-06-28,L3,Widget-C,987,4.9,15
2025-06-29,L1,Widget-A,467,4.2,4
2025-06-29,L1,Widget-B,1062,5.6,20
2025-06-29,L1,Widget-C,1120,4.9,21
2025-06-29,L2,Widget-A,597,4.2,3
2025-06-29,L2,Widget-B,604,5.6,7
2025-06-29,L2,Widget-C,1111,4.9,18
2025-06-29,L3,Widget-A,1170,4.2,7
2025-06-29,L3,Widget-B,718,5.6,13
2025-06-29,L3,Widget-C,962,4.9,19
2025-06-30,L1,Widget-A,761,4.2,14
2025-06-30,L1,Widget-B,972,5.6,17
2025-06-30,L1,Widget-C,1164,4.9,8
2025-06-30,L2,Widget-A,686,4.2,11
2025-06-30,L2,Widget-B,895,5.6,10
2025-06-30,L2,Widget-C,509,4.9,10
2025-06-30,L3,Widget-A,561,4.2,7
2025-06-30,L3,Widget-B,847,5.6,16
2025-06-30,L3,Widget-C,1033,4.9,21
2025-07-01,L1,Widget-A,627,4.2,12
2025-07-01,L1,Widget-B,597,5.6,6
2025-07-01,L1,Widget-C,691,4.9,5
2025-07-01,L2,Widget-A,450,4.2,4
2025-07-01,L2,Widget-B,1132,5.6,6
2025-07-01,L2,Widget-C,1008,4.9,14
2025-07-01,L3,Widget-A,1112,4.2,17
2025-07-01,L3,Widget-B,960,5.6,5
2025-07-01,L3,Widget-C,986,4.9,6
2025-07-02,L1,Widget-A,805,4.2,5
2025-07-02,L1,Widget-B,799,5.6,10
2025-07-02,L1,Widget-C,487,4.9,7
2025-07-02,L2,Widget-A,989,4.2,14
2025-07-02,L2,Widget-B,954,5.6,8
2025-07-02,L2,Widget-C,437,4.9,8
2025-07-02,L3,Widget-A,1061,4.2,14
2025-07-02,L3,Widget-B,498,5.6,3
2025-07-02,L3,Widget-C,1107,4.9,8
2025-07-03,L1,Widget-A,1151,4.2,13
2025-07-03,L1,Widget-B,713,5.6,11
2025-07-03,L1,Widget-C,837,4.9,16
2025-07-03,L2,Widget-A,749,4.2,8
2025-07-03,L2,Widget-B,989,5.6,6
2025-07-03,L2,Widget-C,638,4.9,12
2025-07-03,L3,Widget-A,965,4.2,5
2025-07-03,L3,Widget-B,755,5.6,6
2025-07-03,L3,Widget-C,1019,4.9,12
2025-07-04,L1,Widget-A,749,4.2,11
2025-07-04,L1,Widget-B,818,5.6,16
2025-07-04,L1,Widget-C,791,4.9,9
2025-07-04,L2,Widget-A,949,4.2,15
2025-07-04,L2,Widget-B,785,5.6,9
2025-07-04,L2,Widget-C,773,4.9,8
2025-07-04,L3,Widget-A,475,4.2,4
2025-07-04,L3,Widget-B,794,5.6,7
2025-07-04,L3,Widget-C,1143,4.9,13
2025-07-05,L1,Widget-A,518,4.2,5
2025-07-05,L1,Widget-B,1010,5.6,18
2025-07-05,L1,Widget-C,1069,4.9,11
2025-07-05,L2,Widget-A,1108,4.2,21
2025-07-05,L2,Widget-B,895,5.6,9
2025-07-05,L2,Widget-C,549,4.9,6
2025-07-05,L3,Widget-A,843,4.2,12
2025-07-05,L3,Widget-B,1028,5.6,7
2025-07-05,L3,Widget-C,1167,4.9,23
2025-07-06,L1,Widget-A,1045,4.2,18
2025-07-06,L1,Widget-B,932,5.6,14
2025-07-06,L1,Widget-C,701,4.9,7
2025-07-06,L2,Widget-A,1096,4.2,17
2025-07-06,L2,Widget-B,601,5.6,8
2025-07-06,L2,Widget-C,611,4.9,9
2025-07-06,L3,Widget-A,819,4.2,5
2025-07-06,L3,Widget-B,560,5.6,9
2025-07-06,L3,Widget-C,472,4.9,7
2025-07-07,L1,Widget-A,1047,4.2,10
2025-07-07,L1,Widget-B,411,5.6,3
2025-07-07,L1,Widget-C,926,4.9,14
2025-07-07,L2,Widget-A,1038,4.2,15
2025-07-07,L2,Widget-B,860,5.6,10
2025-07-07,L2,Widget-C,783,4.9,12
2025-07-07,L3,Widget-A,580,4.2,7
2025-07-07,L3,Widget-B,491,5.6,5
2025-07-07,L3,Widget-C,996,4.9,6
2025-07-08,L1,Widget-A,507,4.2,7
2025-07-08,L1,Widget-B,833,5.6,16
2025-07-08,L1,Widget-C,920,4.9,5
2025-07-08,L2,Widget-A,1110,4.2,18
2025-07-08,L2,Widget-B,693,5.6,11
2025-07-08,L2,Widget-C,609,4.9,7
2025-07-08,L3,Widget-A,710,4.2,9
2025-07-08,L3,Widget-B,657,5.6,9
2025-07-08,L3,Widget-C,917,4.9,13
2025-07-09,L1,Widget-A,955,4.2,14
2025-07-09,L1,Widget-B,1168,5.6,18
2025-07-09,L1,Widget-C,707,4.9,7
2025-07-09,L2,Widget-A,892,4.2,11
2025-07-09,L2,Widget-B,886,5.6,12
2025-07-09,L2,Widget-C,901,4.9,11
2025-07-09,L3,Widget-A,414,4.2,3
2025-07-09,L3,Widget-B,493,5.6,3
2025-07-09,L3,Widget-C,708,4.9,11
2025-07-10,L1,Widget-A,1034,4.2,11
2025-07-10,L1,Widget-B,1114,5.6,7
2025-07-10,L1,Widget-C,651,4.9,4
2025-07-10,L2,Widget-A,896,4.2,16
2025-07-10,L2,Widget-B,634,5.6,7
2025-07-10,L2,Widget-C,497,4.9,6
2025-07-10,L3,Widget-A,485,4.2,5
2025-07-10,L3,Widget-B,494,5.6,5
2025-07-10,L3,Widget-C,683,4.9,14
2025-07-11,L1,Widget-A,970,4.2,10
2025-07-11,L1,Widget-B,1017,5.6,7
2025-07-11,L1,Widget-C,1032,4.9,14
2025-07-11,L2,Widget-A,695,4.2,6
2025-07-11,L2,Widget-B,746,5.6,13
2025-07-11,L2,Widget-C,692,4.9,5
2025-07-11,L3,Widget-A,997,4.2,9
2025-07-11,L3,Widget-B,477,5.6,9
2025-07-11,L3,Widget-C,1055,4.9,15
2025-07-12,L1,Widget-A,599,4.2,12
2025-07-12,L1,Widget-B,1097,5.6,18
2025-07-12,L1,Widget-C,1155,4.9,10
2025-07-12,L2,Widget-A,915,4.2,10
2025-07-12,L2,Widget-B,1006,5.6,19
2025-07-12,L2,Widget-C,898,4.9,9
2025-07-12,L3,Widget-A,626,4.2,3
2025-07-12,L3,Widget-B,716,5.6,11
2025-07-12,L3,Widget-C,733,4.9,12
2025-07-13,L1,Widget-A,754,4.2,6
2025-07-13,L1,Widget-B,608,5.6,9
2025-07-13,L1,Widget-C,927,4.9,11
2025-07-13,L2,Widget-A,692,4.2,8
2025-07-13,L2,Widget-B,550,5.6,9
2025-07-13,L2,Widget-C,1019,4.9,6
2025-07-13,L3,Widget-A,551,4.2,7
2025-07-13,L3,Widget-B,958,5.6,16
2025-07-13,L3,Widget-C,587,4.9,10
2025-07-14,L1,Widget-A,470,4.2,8
2025-07-14,L1,Widget-B,1156,5.6,17
2025-07-14,L1,Widget-C,832,4.9,14
2025-07-14,L2,Widget-A,549,4.2,9
2025-07-14,L2,Widget-B,541,5.6,8
2025-07-14,L2,Widget-C,997,4.9,17
2025-07-14,L3,Widget-A,815,4.2,12
2025-07-14,L3,Widget-B,638,5.6,8
2025-07-14,L3,Widget-C,932,4.9,9
2025-07-15,L1,Widget-A,670,4.2,5
2025-07-15,L1,Widget-B,714,5.6,8
2025-07-15,L1,Widget-C,793,4.9,9
2025-07-15,L2,Widget-A,769,4.2,12
2025-07-15,L2,Widget-B,1081,5.6,16
2025-07-15,L2,Widget-C,877,4.9,7
2025-07-15,L3,Widget-A,1187,4.2,15
2025-07-15,L3,Widget-B,800,5.6,9
2025-07-15,L3,Widget-C,474,4.9,9
2025-07-16,L1,Widget-A,1032,4.2,17
2025-07-16,L1,Widget-B,468,5.6,8
2025-07-16,L1,Widget-C,965,4.9,16
2025-07-16,L2,Widget-A,807,4.2,9
2025-07-16,L2,Widget-B,858,5.6,11
2025-07-16,L2,Widget-C,682,4.9,5
2025-07-16,L3,Widget-A,745,4.2,7
2025-07-16,L3,Widget-B,645,5.6,13
2025-07-16,L3,Widget-C,710,4.9,6
2025-07-17,L1,Widget-A,668,4.2,13
2025-07-17,L1,Widget-B,714,5.6,14
2025-07-17,L1,Widget-C,510,4.9,9
2025-07-17,L2,Widget-A,868,4.2,10
2025-07-17,L2,Widget-B,917,5.6,7
2025-07-17,L2,Widget-C,755,4.9,5
2025-07-17,L3,Widget-A,484,4.2,5
2025-07-17,L3,Widget-B,1195,5.6,23
2025-07-17,L3,Widget-C,725,4.9,9
2025-07-18,L1,Widget-A,907,4.2,14
2025-07-18,L1,Widget-B,1192,5.6,9
2025-07-18,L1,Widget-C,1125,4.9,8
2025-07-18,L2,Widget-A,842,4.2,5
2025-07-18,L2,Widget-B,1188,5.6,12
2025-07-18,L2,Widget-C,1155,4.9,9
2025-07-18,L3,Widget-A,1072,4.2,16
2025-07-18,L3,Widget-B,481,5.6,6
2025-07-18,L3,Widget-C,779,4.9,12
2025-07-19,L1,Widget-A,409,4.2,4
2025-07-19,L1,Widget-B,757,5.6,9
2025-07-19,L1,Widget-C,1024,4.9,13
2025-07-19,L2,Widget-A,404,4.2,6
2025-07-19,L2,Widget-B,765,5.6,15
2025-07-19,L2,Widget-C,886,4.9,5
2025-07-19,L3,Widget-A,1038,4.2,13
2025-07-19,L3,Widget-B,735,5.6,5
2025-07-19,L3,Widget-C,587,4.9,5
2025-07-20,L1,Widget-A,900,4.2,17
2025-07-20,L1,Widget-B,598,5.6,10
2025-07-20,L1,Widget-C,945,4.9,15
2025-07-20,L2,Widget-A,1082,4.2,11
2025-07-20,L2,Widget-B,1124,5.6,13
2025-07-20,L2,Widget-C,712,4.9,7
2025-07-20,L3,Widget-A,520,4.2,9
2025-07-20,L3,Widget-B,737,5.6,5
2025-07-20,L3,Widget-C,1193,4.9,15
2025-07-21,L1,Widget-A,621,4.2,9
2025-07-21,L1,Widget-B,825,5.6,13
2025-07-21,L1,Widget-C,916,4.9,6
2025-07-21,L2,Widget-A,495,4.2,5
2025-07-21,L2,Widget-B,544,5.6,5
2025-07-21,L2,Widget-C,1109,4.9,22
2025-07-21,L3,Widget-A,1004,4.2,15
2025-07-21,L3,Widget-B,1093,5.6,10
2025-07-21,L3,Widget-C,426,4.9,7
2025-07-22,L1,Widget-A,506,4.2,7
2025-07-22,L1,Widget-B,1139,5.6,12
2025-07-22,L1,Widget-C,1091,4.9,16
2025-07-22,L2,Widget-A,684,4.2,12
2025-07-22,L2,Widget-B,622,5.6,5
2025-07-22,L2,Widget-C,672,4.9,3
2025-07-22,L3,Widget-A,407,4.2,7
2025-07-22,L3,Widget-B,509,5.6,7
2025-07-22,L3,Widget-C,912,4.9,6
2025-07-23,L1,Widget-A,1192,4.2,13
2025-07-23,L1,Widget-B,507,5.6,8
2025-07-23,L1,Widget-C,1036,4.9,6
2025-07-23,L2,Widget-A,1093,4.2,16
2025-07-23,L2,Widget-B,721,5.6,11
2025-07-23,L2,Widget-C,808,4.9,6
2025-07-23,L3,Widget-A,761,4.2,15
2025-07-23,L3,Widget-B,842,5.6,13
2025-07-23,L3,Widget-C,773,4.9,10
2025-07-24,L1,Widget-A,614,4.2,5
2025-07-24,L1,Widget-B,464,5.6,3
2025-07-24,L1,Widget-C,946,4.9,8
2025-07-24,L2,Widget-A,552,4.2,6
2025-07-24,L2,Widget-B,809,5.6,8
2025-07-24,L2,Widget-C,657,4.9,11
2025-07-24,L3,Widget-A,692,4.2,5
2025-07-24,L3,Widget-B,417,5.6,7
2025-07-24,L3,Widget-C,569,4.9,7
2025-07-25,L1,Widget-A,827,4.2,7
2025-07-25,L1,Widget-B,898,5.6,7
2025-07-25,L1,Widget-C,833,4.9,15
2025-07-25,L2,Widget-A,758,4.2,7
2025-07-25,L2,Widget-B,1059,5.6,6
2025-07-25,L2,Widget-C,511,4.9,5
2025-07-25,L3,Widget-A,1110,4.2,16
2025-07-25,L3,Widget-B,594,5.6,10
2025-07-25,L3,Widget-C,1086,4.9,19
2025-07-26,L1,Widget-A,1044,4.2,18
2025-07-26,L1,Widget-B,791,5.6,9
2025-07-26,L1,Widget-C,1148,4.9,14
2025-07-26,L2,Widget-A,611,4.2,6
2025-07-26,L2,Widget-B,909,5.6,16
2025-07-26,L2,Widget-C,1013,4.9,7
2025-07-26,L3,Widget-A,833,4.2,9
2025-07-26,L3,Widget-B,531,5.6,6
2025-07-26,L3,Widget-C,849,4.9,16
2025-07-27,L1,Widget-A,1165,4.2,23
2025-07-27,L1,Widget-B,571,5.6,9
2025-07-27,L1,Widget-C,983,4.9,9
2025-07-27,L2,Widget-A,525,4.2,3
2025-07-27,L2,Widget-B,698,5.6,12
2025-07-27,L2,Widget-C,722,4.9,4
2025-07-27,L3,Widget-A,620,4.2,6
2025-07-27,L3,Widget-B,759,5.6,12
2025-07-27,L3,Widget-C,658,4.9,3
2025-07-28,L1,Widget-A,621,4.2,11
2025-07-28,L1,Widget-B,584,5.6,10
2025-07-28,L1,Widget-C,452,4.9,6
2025-07-28,L2,Widget-A,903,4.2,8
2025-07-28,L2,Widget-B,481,5.6,8
2025-07-28,L2,Widget-C,1100,4.9,14
2025-07-28,L3,Widget-A,1080,4.2,9
2025-07-28,L3,Widget-B,528,5.6,6
2025-07-28,L3,Widget-C,741,4.9,4
2025-07-29,L1,Widget-A,664,4.2,7
2025-07-29,L1,Widget-B,1184,5.6,11
2025-07-29,L1,Widget-C,758,4.9,8
2025-07-29,L2,Widget-A,611,4.2,7
2025-07-29,L2,Widget-B,665,5.6,9
2025-07-29,L2,Widget-C,991,4.9,8
2025-07-29,L3,Widget-A,797,4.2,13
2025-07-29,L3,Widget-B,1031,5.6,12
2025-07-29,L3,Widget-C,810,4.9,13
2025-07-30,L1,Widget-A,705,4.2,13
2025-07-30,L1,Widget-B,1001,5.6,17
2025-07-30,L1,Widget-C,615,4.9,10
2025-07-30,L2,Widget-A,935,4.2,7
2025-07-30,L2,Widget-B,925,5.6,8
2025-07-30,L2,Widget-C,959,4.9,9
2025-07-30,L3,Widget-A,870,4.2,10
2025-07-30,L3,Widget-B,496,5.6,3
2025-07-30,L3,Widget-C,690,4.9,11
2025-07-31,L1,Widget-A,925,4.2,15
2025-07-31,L1,Widget-B,667,5.6,10
2025-07-31,L1,Widget-C,503,4.9,9
2025-07-31,L2,Widget-A,863,4.2,7
2025-07-31,L2,Widget-B,428,5.6,4
2025-07-31,L2,Widget-C,840,4.9,6
2025-07-31,L3,Widget-A,769,4.2,10
2025-07-31,L3,Widget-B,1186,5.6,18
2025-07-31,L3,Widget-C,675,4.9,9
2025-08-01,L1,Widget-A,1174,4.2,10
2025-08-01,L1,Widget-B,949,5.6,15
2025-08-01,L1,Widget-C,689,4.9,11
2025-08-01,L2,Widget-A,987,4.2,6
2025-08-01,L2,Widget-B,477,5.6,7
2025-08-01,L2,Widget-C,1156,4.9,11
2025-08-01,L3,Widget-A,692,4.2,9
2025-08-01,L3,Widget-B,747,5.6,10
2025-08-01,L3,Widget-C,699,4.9,6
2025-08-02,L1,Widget-A,598,4.2,6
2025-08-02,L1,Widget-B,738,5.6,9
2025-08-02,L1,Widget-C,1024,4.9,6
2025-08-02,L2,Widget-A,727,4.2,6
2025-08-02,L2,Widget-B,761,5.6,4
2025-08-02,L2,Widget-C,1181,4.9,11
2025-08-02,L3,Widget-A,1181,4.2,15
2025-08-02,L3,Widget-B,935,5.6,5
2025-08-02,L3,Widget-C,686,4.9,13
2025-08-03,L1,Widget-A,609,4.2,5
2025-08-03,L1,Widget-B,1148,5.6,13
2025-08-03,L1,Widget-C,953,4.9,7
2025-08-03,L2,Widget-A,698,4.2,10
2025-08-03,L2,Widget-B,600,5.6,10
2025-08-03,L2,Widget-C,1025,4.9,16
2025-08-03,L3,Widget-A,496,4.2,4
2025-08-03,L3,Widget-B,413,5.6,5
2025-08-03,L3,Widget-C,1147,4.9,12
2025-08-04,L1,Widget-A,962,4.2,11
2025-08-04,L1,Widget-B,846,5.6,5
2025-08-04,L1,Widget-C,1072,4.9,10
2025-08-04,L2,Widget-A,1057,4.2,21
2025-08-04,L2,Widget-B,631,5.6,5
2025-08-04,L2,Widget-C,813,4.9,9
2025-08-04,L3,Widget-A,437,4.2,6
2025-08-04,L3,Widget-B,554,5.6,10
2025-08-04,L3,Widget-C,522,4.9,4
2025-08-05,L1,Widget-A,1021,4.2,8
2025-08-05,L1,Widget-B,963,5.6,18
2025-08-05,L1,Widget-C,859,4.9,14
2025-08-05,L2,Widget-A,561,4.2,10
2025-08-05,L2,Widget-B,926,5.6,6
2025-08-05,L2,Widget-C,603,4.9,8
2025-08-05,L3,Widget-A,645,4.2,8
2025-08-05,L3,Widget-B,799,5.6,13
2025-08-05,L3,Widget-C,974,4.9,12
2025-08-06,L1,Widget-A,770,4.2,9
2025-08-06,L1,Widget-B,500,5.6,6
2025-08-06,L1,Widget-C,763,4.9,6
2025-08-06,L2,Widget-A,502,4.2,5
2025-08-06,L2,Widget-B,636,5.6,6
2025-08-06,L2,Widget-C,445,4.9,3
2025-08-06,L3,Widget-A,1026,4.2,8
2025-08-06,L3,Widget-B,883,5.6,9
2025-08-06,L3,Widget-C,821,4.9,7
2025-08-07,L1,Widget-A,999,4.2,13
2025-08-07,L1,Widget-B,698,5.6,11
2025-08-07,L1,Widget-C,954,4.9,17
2025-08-07,L2,Widget-A,1177,4.2,13
2025-08-07,L2,Widget-B,956,5.6,11
2025-08-07,L2,Widget-C,761,4.9,7
2025-08-07,L3,Widget-A,908,4.2,5
2025-08-07,L3,Widget-B,1161,5.6,9
2025-08-07,L3,Widget-C,956,4.9,13
2025-08-08,L1,Widget-A,929,4.2,9
2025-08-08,L1,Widget-B,617,5.6,7
2025-08-08,L1,Widget-C,1149,4.9,16
2025-08-08,L2,Widget-A,651,4.2,12
2025-08-08,L2,Widget-B,472,5.6,3
2025-08-08,L2,Widget-C,846,4.9,15
2025-08-08,L3,Widget-A,715,4.2,14
2025-08-08,L3,Widget-B,554,5.6,10
2025-08-08,L3,Widget-C,1123,4.9,10
2025-08-09,L1,Widget-A,554,4.2,7
2025-08-09,L1,Widget-B,425,5.6,3
2025-08-09,L1,Widget-C,611,4.9,3
2025-08-09,L2,Widget-A,1168,4.2,12
2025-08-09,L2,Widget-B,558,5.6,3
2025-08-09,L2,Widget-C,562,4.9,7
2025-08-09,L3,Widget-A,693,4.2,13
2025-08-09,L3,Widget-B,460,5.6,7
2025-08-09,L3,Widget-C,530,4.9,9
2025-08-10,L1,Widget-A,696,4.2,12
2025-08-10,L1,Widget-B,1137,5.6,20
2025-08-10,L1,Widget-C,661,4.9,13
2025-08-10,L2,Widget-A,505,4.2,5
2025-08-10,L2,Widget-B,895,5.6,17
2025-08-10,L2,Widget-C,986,4.9,10
2025-08-10,L3,Widget-A,1154,4.2,7
2025-08-10,L3,Widget-B,561,5.6,8
2025-08-10,L3,Widget-C,1094,4.9,9
2025-08-11,L1,Widget-A,957,4.2,9
2025-08-11,L1,Widget-B,853,5.6,16
2025-08-11,L1,Widget-C,483,4.9,4
2025-08-11,L2,Widget-A,673,4.2,4
2025-08-11,L2,Widget-B,574,5.6,11
2025-08-11,L2,Widget-C,674,4.9,6
2025-08-11,L3,Widget-A,1006,4.2,20
2025-08-11,L3,Widget-B,766,5.6,4
2025-08-11,L3,Widget-C,1104,4.9,19
2025-08-12,L1,Widget-A,636,4.2,4
2025-08-12,L1,Widget-B,1114,5.6,20
2025-08-12,L1,Widget-C,1142,4.9,8
2025-08-12,L2,Widget-A,1011,4.2,13
2025-08-12,L2,Widget-B,873,5.6,13
2025-08-12,L2,Widget-C,684,4.9,7
2025-08-12,L3,Widget-A,645,4.2,6
2025-08-12,L3,Widget-B,1183,5.6,9
2025-08-12,L3,Widget-C,633,4.9,12
2025-08-13,L1,Widget-A,875,4.2,9
2025-08-13,L1,Widget-B,1109,5.6,17
2025-08-13,L1,Widget-C,1021,4.9,9
2025-08-13,L2,Widget-A,792,4.2,8
2025-08-13,L2,Widget-B,871,5.6,9
2025-08-13,L2,Widget-C,1172,4.9,16
2025-08-13,L3,Widget-A,1051,4.2,10
2025-08-13,L3,Widget-B,1156,5.6,20
2025-08-13,L3,Widget-C,436,4.9,7
2025-08-14,L1,Widget-A,491,4.2,8
2025-08-14,L1,Widget-B,619,5.6,12
2025-08-14,L1,Widget-C,1069,4.9,17
2025-08-14,L2,Widget-A,477,4.2,4
2025-08-14,L2,Widget-B,1181,5.6,15
2025-08-14,L2,Widget-C,505,4.9,3
2025-08-14,L3,Widget-A,571,4.2,7
2025-08-14,L3,Widget-B,919,5.6,15
2025-08-14,L3,Widget-C,975,4.9,5
2025-08-15,L1,Widget-A,1008,4.2,9
2025-08-15,L1,Widget-B,1153,5.6,11
2025-08-15,L1,Widget-C,567,4.9,10
2025-08-15,L2,Widget-A,1065,4.2,17
2025-08-15,L2,Widget-B,1029,5.6,12
2025-08-15,L2,Widget-C,666,4.9,12
2025-08-15,L3,Widget-A,978,4.2,17
2025-08-15,L3,Widget-B,685,5.6,11
2025-08-15,L3,Widget-C,568,4.9,10
2025-08-16,L1,Widget-A,774,4.2,8
2025-08-16,L1,Widget-B,613,5.6,9
2025-08-16,L1,Widget-C,999,4.9,10
2025-08-16,L2,Widget-A,446,4.2,6
2025-08-16,L2,Widget-B,825,5.6,11
2025-08-16,L2,Widget-C,1076,4.9,21
2025-08-16,L3,Widget-A,488,4.2,10
2025-08-16,L3,Widget-B,402,5.6,8
2025-08-16,L3,Widget-C,429,4.9,6
2025-08-17,L1,Widget-A,498,4.2,9
2025-08-17,L1,Widget-B,500,5.6,6
2025-08-17,L1,Widget-C,837,4.9,15
2025-08-17,L2,Widget-A,970,4.2,13
2025-08-17,L2,Widget-B,687,5.6,12
2025-08-17,L2,Widget-C,439,4.9,7
2025-08-17,L3,Widget-A,789,4.2,7
2025-08-17,L3,Widget-B,1128,5.6,19
2025-08-17,L3,Widget-C,667,4.9,7
2025-08-18,L1,Widget-A,1098,4.2,12
2025-08-18,L1,Widget-B,1051,5.6,5
2025-08-18,L1,Widget-C,667,4.9,6
2025-08-18,L2,Widget-A,793,4.2,5
2025-08-18,L2,Widget-B,665,5.6,11
2025-08-18,L2,Widget-C,887,4.9,12
2025-08-18,L3,Widget-A,741,4.2,7
2025-08-18,L3,Widget-B,948,5.6,15
2025-08-18,L3,Widget-C,688,4.9,8
2025-08-19,L1,Widget-A,970,4.2,11
2025-08-19,L1,Widget-B,877,5.6,12
2025-08-19,L1,Widget-C,776,4.9,7
2025-08-19,L2,Widget-A,1117,4.2,14
2025-08-19,L2,Widget-B,457,5.6,3
2025-08-19,L2,Widget-C,949,4.9,18
2025-08-19,L3,Widget-A,544,4.2,5
2025-08-19,L3,Widget-B,799,5.6,13
2025-08-19,L3,Widget-C,739,4.9,11
2025-08-20,L1,Widget-A,1052,4.2,20
2025-08-20,L1,Widget-B,751,5.6,10
2025-08-20,L1,Widget-C,471,4.9,8
2025-08-20,L2,Widget-A,867,4.2,13
2025-08-20,L2,Widget-B,1133,5.6,16
2025-08-20,L2,Widget-C,536,4.9,7
2025-08-20,L3,Widget-A,710,4.2,9
2025-08-20,L3,Widget-B,659,5.6,11
2025-08-20,L3,Widget-C,1124,4.9,18
2025-08-21,L1,Widget-A,1185,4.2,7
2025-08-21,L1,Widget-B,1139,5.6,19
2025-08-21,L1,Widget-C,645,4.9,10
2025-08-21,L2,Widget-A,770,4.2,7
2025-08-21,L2,Widget-B,1032,5.6,18
2025-08-21,L2,Widget-C,773,4.9,4
2025-08-21,L3,Widget-A,924,4.2,11
2025-08-21,L3,Widget-B,632,5.6,11
2025-08-21,L3,Widget-C,984,4.9,17
2025-08-22,L1,Widget-A,616,4.2,5
2025-08-22,L1,Widget-B,497,5.6,7
2025-08-22,L1,Widget-C,642,4.9,10
2025-08-22,L2,Widget-A,875,4.2,16
2025-08-22,L2,Widget-B,1104,5.6,10
2025-08-22,L2,Widget-C,658,4.9,10
2025-08-22,L3,Widget-A,996,4.2,11
2025-08-22,L3,Widget-B,847,5.6,16
2025-08-22,L3,Widget-C,1020,4.9,12
2025-08-23,L1,Widget-A,647,4.2,4
2025-08-23,L1,Widget-B,1132,5.6,8
2025-08-23,L1,Widget-C,1191,4.9,11
2025-08-23,L2,Widget-A,1011,4.2,14
2025-08-23,L2,Widget-B,738,5.6,5
2025-08-23,L2,Widget-C,797,4.9,13
2025-08-23,L3,Widget-A,615,4.2,4
2025-08-23,L3,Widget-B,993,5.6,9
2025-08-23,L3,Widget-C,491,4.9,9
2025-08-24,L1,Widget-A,1040,4.2,19
2025-08-24,L1,Widget-B,992,5.6,10
2025-08-24,L1,Widget-C,801,4.9,9
2025-08-24,L2,Widget-A,1086,4.2,14
2025-08-24,L2,Widget-B,541,5.6,5
2025-08-24,L2,Widget-C,849,4.9,9
2025-08-24,L3,Widget-A,529,4.2,3
2025-08-24,L3,Widget-B,1030,5.6,16
2025-08-24,L3,Widget-C,776,4.9,11
2025-08-25,L1,Widget-A,487,4.2,9
2025-08-25,L1,Widget-B,1180,5.6,17
2025-08-25,L1,Widget-C,545,4.9,6
2025-08-25,L2,Widget-A,1118,4.2,19
2025-08-25,L2,Widget-B,532,5.6,7
2025-08-25,L2,Widget-C,627,4.9,12
2025-08-25,L3,Widget-A,1114,4.2,14
2025-08-25,L3,Widget-B,879,5.6,15
2025-08-25,L3,Widget-C,688,4.9,12
2025-08-26,L1,Widget-A,649,4.2,3
2025-08-26,L1,Widget-B,1074,5.6,8
2025-08-26,L1,Widget-C,590,4.9,5
2025-08-26,L2,Widget-A,1147,4.2,6
2025-08-26,L2,Widget-B,1156,5.6,11
2025-08-26,L2,Widget-C,984,4.9,15
2025-08-26,L3,Widget-A,859,4.2,14
2025-08-26,L3,Widget-B,592,5.6,5
2025-08-26,L3,Widget-C,706,4.9,13
2025-08-27,L1,Widget-A,755,4.2,5
2025-08-27,L1,Widget-B,497,5.6,4
2025-08-27,L1,Widget-C,1123,4.9,21
2025-08-27,L2,Widget-A,794,4.2,13
2025-08-27,L2,Widget-B,748,5.6,10
2025-08-27,L2,Widget-C,851,4.9,13
2025-08-27,L3,Widget-A,780,4.2,8
2025-08-27,L3,Widget-B,901,5.6,6
2025-08-27,L3,Widget-C,878,4.9,15
2025-08-28,L1,Widget-A,560,4.2,8
2025-08-28,L1,Widget-B,518,5.6,3
2025-08-28,L1,Widget-C,1037,4.9,19
2025-08-28,L2,Widget-A,777,4.2,15
2025-08-28,L2,Widget-B,705,5.6,10
2025-08-28,L2,Widget-C,741,4.9,13
2025-08-28,L3,Widget-A,837,4.2,12
2025-08-28,L3,Widget-B,604,5.6,4
2025-08-28,L3,Widget-C,939,4.9,13
2025-08-29,L1,Widget-A,1050,4.2,6
2025-08-29,L1,Widget-B,685,5.6,5
2025-08-29,L1,Widget-C,914,4.9,8
2025-08-29,L2,Widget-A,783,4.2,13
2025-08-29,L2,Widget-B,768,5.6,4
2025-08-29,L2,Widget-C,497,4.9,10
2025-08-29,L3,Widget-A,720,4.2,9
2025-08-29,L3,Widget-B,650,5.6,5
2025-08-29,L3,Widget-C,703,4.9,8
2025-08-30,L1,Widget-A,567,4.2,10
2025-08-30,L1,Widget-B,894,5.6,16
2025-08-30,L1,Widget-C,431,4.9,9
2025-08-30,L2,Widget-A,1112,4.2,12
2025-08-30,L2,Widget-B,847,5.6,7
2025-08-30,L2,Widget-C,498,4.9,5
2025-08-30,L3,Widget-A,546,4.2,10
2025-08-30,L3,Widget-B,876,5.6,15
2025-08-30,L3,Widget-C,402,4.9,6
2025-08-31,L1,Widget-A,864,4.2,5
2025-08-31,L1,Widget-B,415,5.6,7
2025-08-31,L1,Widget-C,503,4.9,5
2025-08-31,L2,Widget-A,938,4.2,17
2025-08-31,L2,Widget-B,637,5.6,7
2025-08-31,L2,Widget-C,568,4.9,4
2025-08-31,L3,Widget-A,930,4.2,6
2025-08-31,L3,Widget-B,916,5.6,7
2025-08-31,L3,Widget-C,543,4.9,7
2025-09-01,L1,Widget-A,1013,4.2,15
2025-09-01,L1,Widget-B,736,5.6,10
2025-09-01,L1,Widget-C,987,4.9,8
2025-09-01,L2,Widget-A,542,4.2,4
2025-09-01,L2,Widget-B,958,5.6,9
2025-09-01,L2,Widget-C,792,4.9,5
2025-09-01,L3,Widget-A,758,4.2,5
2025-09-01,L3,Widget-B,1042,5.6,17
2025-09-01,L3,Widget-C,921,4.9,10
2025-09-02,L1,Widget-A,1075,4.2,9
2025-09-02,L1,Widget-B,711,5.6,9
2025-09-02,L1,Widget-C,602,4.9,11
2025-09-02,L2,Widget-A,864,4.2,5
2025-09-02,L2,Widget-B,662,5.6,13
2025-09-02,L2,Widget-C,1126,4.9,11
2025-09-02,L3,Widget-A,484,4.2,8
2025-09-02,L3,Widget-B,980,5.6,14
2025-09-02,L3,Widget-C,759,4.9,11
2025-09-03,L1,Widget-A,631,4.2,11
2025-09-03,L1,Widget-B,1085,5.6,13
2025-09-03,L1,Widget-C,485,4.9,3
2025-09-03,L2,Widget-A,563,4.2,9
2025-09-03,L2,Widget-B,1075,5.6,6
2025-09-03,L2,Widget-C,725,4.9,11
2025-09-03,L3,Widget-A,996,4.2,7
2025-09-03,L3,Widget-B,743,5.6,11
2025-09-03,L3,Widget-C,820,4.9,8
2025-09-04,L1,Widget-A,480,4.2,9
2025-09-04,L1,Widget-B,803,5.6,12
2025-09-04,L1,Widget-C,440,4.9,3
2025-09-04,L2,Widget-A,801,4.2,5
2025-09-04,L2,Widget-B,824,5.6,13
2025-09-04,L2,Widget-C,1080,4.9,19
2025-09-04,L3,Widget-A,589,4.2,8
2025-09-04,L3,Widget-B,862,5.6,11
2025-09-04,L3,Widget-C,615,4.9,6
2025-09-05,L1,Widget-A,988,4.2,12
2025-09-05,L1,Widget-B,401,5.6,6
2025-09-05,L1,Widget-C,775,4.9,6
2025-09-05,L2,Widget-A,1096,4.2,7
2025-09-05,L2,Widget-B,420,5.6,3
2025-09-05,L2,Widget-C,521,4.9,8
2025-09-05,L3,Widget-A,1085,4.2,18
2025-09-05,L3,Widget-B,1005,5.6,7
2025-09-05,L3,Widget-C,755,4.9,9
2025-09-06,L1,Widget-A,524,4.2,7
2025-09-06,L1,Widget-B,1090,5.6,16
2025-09-06,L1,Widget-C,1042,4.9,8
2025-09-06,L2,Widget-A,699,4.2,10
2025-09-06,L2,Widget-B,601,5.6,6
2025-09-06,L2,Widget-C,787,4.9,7
2025-09-06,L3,Widget-A,1170,4.2,11
2025-09-06,L3,Widget-B,956,5.6,13
2025-09-06,L3,Widget-C,1198,4.9,20
2025-09-07,L1,Widget-A,607,4.2,6
2025-09-07,L1,Widget-B,958,5.6,18
2025-09-07,L1,Widget-C,782,4.9,12
2025-09-07,L2,Widget-A,802,4.2,8
2025-09-07,L2,Widget-B,989,5.6,17
2025-09-07,L2,Widget-C,813,4.9,16
2025-09-07,L3,Widget-A,708,4.2,13
2025-09-07,L3,Widget-B,700,5.6,12
2025-09-07,L3,Widget-C,927,4.9,12
2025-09-08,L1,Widget-A,784,4.2,5
2025-09-08,L1,Widget-B,986,5.6,20
2025-09-08,L1,Widget-C,606,4.9,4
2025-09-08,L2,Widget-A,1040,4.2,9
2025-09-08,L2,Widget-B,1183,5.6,19
2025-09-08,L2,Widget-C,859,4.9,6
2025-09-08,L3,Widget-A,840,4.2,9
2025-09-08,L3,Widget-B,1168,5.6,23
2025-09-08,L3,Widget-C,1141,4.9,14
2025-09-09,L1,Widget-A,1002,4.2,10
2025-09-09,L1,Widget-B,1165,5.6,7
2025-09-09,L1,Widget-C,477,4.9,7
2025-09-09,L2,Widget-A,699,4.2,13
2025-09-09,L2,Widget-B,1018,5.6,11
2025-09-09,L2,Widget-C,428,4.9,4
2025-09-09,L3,Widget-A,1150,4.2,22
2025-09-09,L3,Widget-B,811,5.6,6
2025-09-09,L3,Widget-C,1135,4.9,20
2025-09-10,L1,Widget-A,484,4.2,8
2025-09-10,L1,Widget-B,962,5.6,17
2025-09-10,L1,Widget-C,887,4.9,11
2025-09-10,L2,Widget-A,829,4.2,9
2025-09-10,L2,Widget-B,623,5.6,12
2025-09-10,L2,Widget-C,1092,4.9,8
2025-09-10,L3,Widget-A,941,4.2,9
2025-09-10,L3,Widget-B,1017,5.6,8
2025-09-10,L3,Widget-C,994,4.9,14
2025-09-11,L1,Widget-A,557,4.2,5
2025-09-11,L1,Widget-B,982,5.6,6
2025-09-11,L1,Widget-C,593,4.9,6
2025-09-11,L2,Widget-A,483,4.2,3
2025-09-11,L2,Widget-B,1019,5.6,12
2025-09-11,L2,Widget-C,922,4.9,5
2025-09-11,L3,Widget-A,882,4.2,8
2025-09-11,L3,Widget-B,856,5.6,17
2025-09-11,L3,Widget-C,1125,4.9,20
2025-09-12,L1,Widget-A,1162,4.2,19
2025-09-12,L1,Widget-B,535,5.6,6
2025-09-12,L1,Widget-C,648,4.9,8
2025-09-12,L2,Widget-A,536,4.2,10
2025-09-12,L2,Widget-B,496,5.6,5
2025-09-12,L2,Widget-C,1101,4.9,7
2025-09-12,L3,Widget-A,715,4.2,14
2025-09-12,L3,Widget-B,1120,5.6,14
2025-09-12,L3,Widget-C,1044,4.9,14
2025-09-13,L1,Widget-A,580,4.2,9
2025-09-13,L1,Widget-B,870,5.6,9
2025-09-13,L1,Widget-C,785,4.9,7
2025-09-13,L2,Widget-A,727,4.2,4
2025-09-13,L2,Widget-B,637,5.6,6
2025-09-13,L2,Widget-C,1196,4.9,6
2025-09-13,L3,Widget-A,1162,4.2,18
2025-09-13,L3,Widget-B,685,5.6,8
2025-09-13,L3,Widget-C,1031,4.9,14
2025-09-14,L1,Widget-A,454,4.2,7
2025-09-14,L1,Widget-B,576,5.6,9
2025-09-14,L1,Widget-C,502,4.9,6
2025-09-14,L2,Widget-A,987,4.2,19
2025-09-14,L2,Widget-B,907,5.6,12
2025-09-14,L2,Widget-C,1093,4.9,17
2025-09-14,L3,Widget-A,751,4.2,14
2025-09-14,L3,Widget-B,619,5.6,9
2025-09-14,L3,Widget-C,950,4.9,9
2025-09-15,L1,Widget-A,1115,4.2,22
2025-09-15,L1,Widget-B,749,5.6,10
2025-09-15,L1,Widget-C,484,4.9,3
2025-09-15,L2,Widget-A,1108,4.2,18
2025-09-15,L2,Widget-B,551,5.6,3
2025-09-15,L2,Widget-C,935,4.9,7
2025-09-15,L3,Widget-A,706,4.2,13
2025-09-15,L3,Widget-B,584,5.6,6
2025-09-15,L3,Widget-C,465,4.9,8
2025-09-16,L1,Widget-A,1140,4.2,18
2025-09-16,L1,Widget-B,949,5.6,19
2025-09-16,L1,Widget-C,546,4.9,8
2025-09-16,L2,Widget-A,418,4.2,7
2025-09-16,L2,Widget-B,1092,5.6,17
2025-09-16,L2,Widget-C,998,4.9,6
2025-09-16,L3,Widget-A,436,4.2,7
2025-09-16,L3,Widget-B,467,5.6,7
2025-09-16,L3,Widget-C,1159,4.9,6
2025-09-17,L1,Widget-A,610,4.2,8
2025-09-17,L1,Widget-B,1019,5.6,17
2025-09-17,L1,Widget-C,472,4.9,5
2025-09-17,L2,Widget-A,909,4.2,6
2025-09-17,L2,Widget-B,1045,5.6,13
2025-09-17,L2,Widget-C,582,4.9,10
2025-09-17,L3,Widget-A,479,4.2,6
2025-09-17,L3,Widget-B,889,5.6,17
2025-09-17,L3,Widget-C,587,4.9,9
2025-09-18,L1,Widget-A,732,4.2,13
2025-09-18,L1,Widget-B,669,5.6,7
2025-09-18,L1,Widget-C,1177,4.9,11
2025-09-18,L2,Widget-A,1153,4.2,23
2025-09-18,L2,Widget-B,421,5.6,7
2025-09-18,L2,Widget-C,449,4.9,4
2025-09-18,L3,Widget-A,401,4.2,6
2025-09-18,L3,Widget-B,739,5.6,4
2025-09-18,L3,Widget-C,607,4.9,4
2025-09-19,L1,Widget-A,578,4.2,9
2025-09-19,L1,Widget-B,776,5.6,10
2025-09-19,L1,Widget-C,576,4.9,6
2025-09-19,L2,Widget-A,1025,4.2,20
2025-09-19,L2,Widget-B,588,5.6,7
2025-09-19,L2,Widget-C,846,4.9,13
2025-09-19,L3,Widget-A,920,4.2,16
2025-09-19,L3,Widget-B,407,5.6,3
2025-09-19,L3,Widget-C,610,4.9,7
2025-09-20,L1,Widget-A,975,4.2,5
2025-09-20,L1,Widget-B,536,5.6,10
2025-09-20,L1,Widget-C,1097,4.9,12
2025-09-20,L2,Widget-A,901,4.2,6
2025-09-20,L2,Widget-B,955,5.6,12
2025-09-20,L2,Widget-C,1008,4.9,8
2025-09-20,L3,Widget-A,806,4.2,16
2025-09-20,L3,Widget-B,1185,5.6,22
2025-09-20,L3,Widget-C,1171,4.9,15
2025-09-21,L1,Widget-A,1061,4.2,10
2025-09-21,L1,Widget-B,855,5.6,6
2025-09-21,L1,Widget-C,921,4.9,13
2025-09-21,L2,Widget-A,889,4.2,5
2025-09-21,L2,Widget-B,452,5.6,7
2025-09-21,L2,Widget-C,640,4.9,10
2025-09-21,L3,Widget-A,674,4.2,11
2025-09-21,L3,Widget-B,637,5.6,9
2025-09-21,L3,Widget-C,1068,4.9,19
2025-09-22,L1,Widget-A,1005,4.2,19
2025-09-22,L1,Widget-B,927,5.6,17
2025-09-22,L1,Widget-C,815,4.9,7
2025-09-22,L2,Widget-A,434,4.2,5
2025-09-22,L2,Widget-B,988,5.6,8
2025-09-22,L2,Widget-C,601,4.9,11
2025-09-22,L3,Widget-A,987,4.2,8
2025-09-22,L3,Widget-B,420,5.6,7
2025-09-22,L3,Widget-C,1015,4.9,9
2025-09-23,L1,Widget-A,578,4.2,11
2025-09-23,L1,Widget-B,1036,5.6,12
2025-09-23,L1,Widget-C,1010,4.9,7
2025-09-23,L2,Widget-A,904,4.2,18
2025-09-23,L2,Widget-B,615,5.6,10
2025-09-23,L2,Widget-C,1164,4.9,18
2025-09-23,L3,Widget-A,455,4.2,5
2025-09-23,L3,Widget-B,1112,5.6,10
2025-09-23,L3,Widget-C,975,4.9,7
2025-09-24,L1,Widget-A,1076,4.2,10
2025-09-24,L1,Widget-B,415,5.6,7
2025-09-24,L1,Widget-C,997,4.9,15
2025-09-24,L2,Widget-A,1112,4.2,18
2025-09-24,L2,Widget-B,743,5.6,8
2025-09-24,L2,Widget-C,555,4.9,10
2025-09-24,L3,Widget-A,1056,4.2,12
2025-09-24,L3,Widget-B,1189,5.6,20
2025-09-24,L3,Widget-C,715,4.9,14
2025-09-25,L1,Widget-A,1146,4.2,11
2025-09-25,L1,Widget-B,1167,5.6,13
2025-09-25,L1,Widget-C,923,4.9,11
2025-09-25,L2,Widget-A,573,4.2,5
2025-09-25,L2,Widget-B,769,5.6,4
2025-09-25,L2,Widget-C,1110,4.9,17
2025-09-25,L3,Widget-A,1013,4.2,18
2025-09-25,L3,Widget-B,548,5.6,5
2025-09-25,L3,Widget-C,522,4.9,7
2025-09-26,L1,Widget-A,1185,4.2,14
2025-09-26,L1,Widget-B,1149,5.6,9
2025-09-26,L1,Widget-C,1134,4.9,22
2025-09-26,L2,Widget-A,875,4.2,16
2025-09-26,L2,Widget-B,993,5.6,11
2025-09-26,L2,Widget-C,1119,4.9,10
2025-09-26,L3,Widget-A,694,4.2,12
2025-09-26,L3,Widget-B,1096,5.6,19
2025-09-26,L3,Widget-C,469,4.9,4
2025-09-27,L1,Widget-A,712,4.2,6
2025-09-27,L1,Widget-B,790,5.6,15
2025-09-27,L1,Widget-C,1096,4.9,12
2025-09-27,L2,Widget-A,904,4.2,10
2025-09-27,L2,Widget-B,1099,5.6,13
2025-09-27,L2,Widget-C,664,4.9,6
2025-09-27,L3,Widget-A,853,4.2,8
2025-09-27,L3,Widget-B,467,5.6,4
2025-09-27,L3,Widget-C,613,4.9,8
